,scenario,subscenario,gamma,samp1_6,samp2_6,samp3_6,samp4_6,samp5_6,samp6_6,samp7_6,samp8_6,samp9_6,samp10_6,samp11_6,samp12_6,samp13_6,samp14_6,samp15_6,samp16_6,samp17_6,samp18_6,samp19_6,samp20_6,samp21_6,samp22_6,samp23_6,samp24_6,samp25_6,samp1_5,samp2_5,samp3_5,samp4_5,samp5_5,samp6_5,samp7_5,samp8_5,samp9_5,samp10_5,samp11_5,samp12_5,samp13_5,samp14_5,samp15_5,samp16_5,samp17_5,samp18_5,samp19_5,samp20_5,samp21_5,samp22_5,samp23_5,samp24_5,samp25_5,samp1_4,samp2_4,samp3_4,samp4_4,samp5_4,samp6_4,samp7_4,samp8_4,samp9_4,samp10_4,samp11_4,samp12_4,samp13_4,samp14_4,samp15_4,samp16_4,samp17_4,samp18_4,samp19_4,samp20_4,samp21_4,samp22_4,samp23_4,samp24_4,samp25_4,samp1_3,samp2_3,samp3_3,samp4_3,samp5_3,samp6_3,samp7_3,samp8_3,samp9_3,samp10_3,samp11_3,samp12_3,samp13_3,samp14_3,samp15_3,samp16_3,samp17_3,samp18_3,samp19_3,samp20_3,samp21_3,samp22_3,samp23_3,samp24_3,samp25_3,samp1_2,samp2_2,samp3_2,samp4_2,samp5_2,samp6_2,samp7_2,samp8_2,samp9_2,samp10_2,samp11_2,samp12_2,samp13_2,samp14_2,samp15_2,samp16_2,samp17_2,samp18_2,samp19_2,samp20_2,samp21_2,samp22_2,samp23_2,samp24_2,samp25_2,samp1_1,samp2_1,samp3_1,samp4_1,samp5_1,samp6_1,samp7_1,samp8_1,samp9_1,samp10_1,samp11_1,samp12_1,samp13_1,samp14_1,samp15_1,samp16_1,samp17_1,samp18_1,samp19_1,samp20_1,samp21_1,samp22_1,samp23_1,samp24_1,samp25_1
1,NC1bis,1,0,0,0,0,NA,NA,0,0,0,NA,NA,0,0,0,NA,NA,NA,NA,NA,NA,NA,NA,NA,NA,NA,NA,0,0,0,NA,NA,0,0,0,NA,NA,0,0,0,NA,NA,NA,NA,NA,NA,NA,NA,NA,NA,NA,NA,0,0,0,NA,NA,0,0,0,NA,NA,0,0,0,NA,NA,NA,NA,NA,NA,NA,NA,NA,NA,NA,NA,0,0,0,NA,NA,0,0,0,NA,NA,0,0,0,NA,NA,NA,NA,NA,NA,NA,NA,NA,NA,NA,NA,0,0,0,NA,NA,0,0,0,NA,NA,0,0,0,NA,NA,NA,NA,NA,NA,NA,NA,NA,NA,NA,NA,0,0,0,NA,NA,0,0,0,NA,NA,0,0,0,NA,NA,NA,NA,NA,NA,NA,NA,NA,NA,NA,NA
2,NC1bis,2,1.00E-05,0.00395,0.004175,0.0039,NA,NA,0.00445,0.004525,0.00395,NA,NA,0.004275,0.004025,0.00485,NA,NA,NA,NA,NA,NA,NA,NA,NA,NA,NA,NA,0.0031,0.00215,0.0033,NA,NA,0.002325,0.002875,0.0027,NA,NA,0.002575,0.0033,0.00275,NA,NA,NA,NA,NA,NA,NA,NA,NA,NA,NA,NA,0.001475,0.001375,0.001175,NA,NA,0.001225,0.0011,0.0018,NA,NA,0.001375,0.0011,0.001725,NA,NA,NA,NA,NA,NA,NA,NA,NA,NA,NA,NA,0,0,0,NA,NA,0,0,0,NA,NA,0,0,0,NA,NA,NA,NA,NA,NA,NA,NA,NA,NA,NA,NA,0,0,0,NA,NA,0,0,0,NA,NA,0,0,0,NA,NA,NA,NA,NA,NA,NA,NA,NA,NA,NA,NA,0,0,0,NA,NA,0,0,0,NA,NA,0,0,0,NA,NA,NA,NA,NA,NA,NA,NA,NA,NA,NA,NA
3,NC1bis,3,5.00E-05,0.02155,0.021825,0.021675,NA,NA,0.02175,0.022025,0.021375,NA,NA,0.020175,0.01995,0.021275,NA,NA,NA,NA,NA,NA,NA,NA,NA,NA,NA,NA,0.016125,0.016525,0.0166,NA,NA,0.015525,0.016475,0.015425,NA,NA,0.0153,0.016875,0.015075,NA,NA,NA,NA,NA,NA,NA,NA,NA,NA,NA,NA,0.011,0.01015,0.00855,NA,NA,0.008675,0.008175,0.0091,NA,NA,0.0097,0.00785,0.008025,NA,NA,NA,NA,NA,NA,NA,NA,NA,NA,NA,NA,0.00465,0.004275,0.003675,NA,NA,0.004075,0.0035,0.002275,NA,NA,0.004375,0.0026,0.0029,NA,NA,NA,NA,NA,NA,NA,NA,NA,NA,NA,NA,0.002225,0.001225,0,NA,NA,0.00135,0,0,NA,NA,0,0,0,NA,NA,NA,NA,NA,NA,NA,NA,NA,NA,NA,NA,0,0,0,NA,NA,0,0,0,NA,NA,0,0,0,NA,NA,NA,NA,NA,NA,NA,NA,NA,NA,NA,NA
4,NC1bis,4,1.00E-04,0.045575,0.046275,0.04475,NA,NA,0.0456,0.04225,0.043225,NA,NA,0.0428,0.0413,0.0431,NA,NA,NA,NA,NA,NA,NA,NA,NA,NA,NA,NA,0.034775,0.035825,0.032425,NA,NA,0.032225,0.03195,0.0311,NA,NA,0.031475,0.030675,0.03,NA,NA,NA,NA,NA,NA,NA,NA,NA,NA,NA,NA,0.023025,0.02195,0.0205,NA,NA,0.021125,0.021125,0.019,NA,NA,0.0203,0.01925,0.0177,NA,NA,NA,NA,NA,NA,NA,NA,NA,NA,NA,NA,0.010925,0.00935,0.00795,NA,NA,0.008625,0.007625,0.006575,NA,NA,0.008225,0.00735,0.00595,NA,NA,NA,NA,NA,NA,NA,NA,NA,NA,NA,NA,0.005625,0.002675,0.00115,NA,NA,0.002475,0.0017,0,NA,NA,0.0012,0,0,NA,NA,NA,NA,NA,NA,NA,NA,NA,NA,NA,NA,0.001475,0,0,NA,NA,0,0,0,NA,NA,0,0,0,NA,NA,NA,NA,NA,NA,NA,NA,NA,NA,NA,NA
5,NC1bis,5,0.00025,0.109475,0.106875,0.10225,NA,NA,0.10615,0.10215,0.105175,NA,NA,0.104,0.101425,0.10155,NA,NA,NA,NA,NA,NA,NA,NA,NA,NA,NA,NA,0.08435,0.081625,0.07625,NA,NA,0.079675,0.07825,0.07625,NA,NA,0.0772,0.076125,0.0769,NA,NA,NA,NA,NA,NA,NA,NA,NA,NA,NA,NA,0.054025,0.0562,0.049225,NA,NA,0.0502,0.04885,0.047075,NA,NA,0.048475,0.04655,0.0462,NA,NA,NA,NA,NA,NA,NA,NA,NA,NA,NA,NA,0.027075,0.02395,0.0213,NA,NA,0.022425,0.022,0.017275,NA,NA,0.019125,0.0184,0.013875,NA,NA,NA,NA,NA,NA,NA,NA,NA,NA,NA,NA,0.012425,0.008,0.005075,NA,NA,0.007325,0.00465,0.00295,NA,NA,0.00505,0.0014,0,NA,NA,NA,NA,NA,NA,NA,NA,NA,NA,NA,NA,0.00375,0,0,NA,NA,0,0,0,NA,NA,0,0,0,NA,NA,NA,NA,NA,NA,NA,NA,NA,NA,NA,NA
6,NC1bis,6,5.00E-04,0.193375,0.193175,0.188875,NA,NA,0.188175,0.188,0.186575,NA,NA,0.1935,0.19015,0.186625,NA,NA,NA,NA,NA,NA,NA,NA,NA,NA,NA,NA,0.1503,0.15145,0.1466,NA,NA,0.143875,0.1458,0.14215,NA,NA,0.148025,0.1393,0.13785,NA,NA,NA,NA,NA,NA,NA,NA,NA,NA,NA,NA,0.1039,0.10315,0.0956,NA,NA,0.099525,0.093525,0.093875,NA,NA,0.099425,0.0935,0.09005,NA,NA,NA,NA,NA,NA,NA,NA,NA,NA,NA,NA,0.052925,0.051,0.04405,NA,NA,0.045625,0.04165,0.0354,NA,NA,0.040725,0.0357,0.03,NA,NA,NA,NA,NA,NA,NA,NA,NA,NA,NA,NA,0.026175,0.0164,0.012025,NA,NA,0.017725,0.010125,0.005575,NA,NA,0.0103,0.004775,0,NA,NA,NA,NA,NA,NA,NA,NA,NA,NA,NA,NA,0.0078,0,0,NA,NA,0,0,0,NA,NA,0,0,0,NA,NA,NA,NA,NA,NA,NA,NA,NA,NA,NA,NA
7,NC1bis,7,0.00075,0.2611,0.261625,0.25915,NA,NA,0.259075,0.24905,0.255275,NA,NA,0.2564,0.257775,0.255975,NA,NA,NA,NA,NA,NA,NA,NA,NA,NA,NA,NA,0.21145,0.20375,0.20475,NA,NA,0.200725,0.197525,0.197475,NA,NA,0.20305,0.1974,0.2003,NA,NA,NA,NA,NA,NA,NA,NA,NA,NA,NA,NA,0.150525,0.1463,0.1366,NA,NA,0.14165,0.131325,0.132475,NA,NA,0.138425,0.132475,0.12705,NA,NA,NA,NA,NA,NA,NA,NA,NA,NA,NA,NA,0.078675,0.071575,0.062725,NA,NA,0.067475,0.059825,0.053725,NA,NA,0.061925,0.052925,0.04445,NA,NA,NA,NA,NA,NA,NA,NA,NA,NA,NA,NA,0.039525,0.027175,0.01925,NA,NA,0.02645,0.015675,0.00865,NA,NA,0.016325,0.00635,0,NA,NA,NA,NA,NA,NA,NA,NA,NA,NA,NA,NA,0.012025,0,0,NA,NA,0,0,0,NA,NA,0,0,0,NA,NA,NA,NA,NA,NA,NA,NA,NA,NA,NA,NA
8,NC1bis,8,0.001,0.31645,0.305575,0.3132,NA,NA,0.306725,0.30215,0.31165,NA,NA,0.310975,0.313525,0.326275,NA,NA,NA,NA,NA,NA,NA,NA,NA,NA,NA,NA,0.2551,0.253275,0.253475,NA,NA,0.24955,0.247475,0.251925,NA,NA,0.253025,0.2453,0.251925,NA,NA,NA,NA,NA,NA,NA,NA,NA,NA,NA,NA,0.189,0.184125,0.17665,NA,NA,0.177375,0.171225,0.170525,NA,NA,0.1764,0.167525,0.164025,NA,NA,NA,NA,NA,NA,NA,NA,NA,NA,NA,NA,0.103325,0.0916,0.0846,NA,NA,0.086,0.079175,0.07095,NA,NA,0.077825,0.069975,0.059175,NA,NA,NA,NA,NA,NA,NA,NA,NA,NA,NA,NA,0.049275,0.0365,0.0248,NA,NA,0.03445,0.02075,0.009175,NA,NA,0.02025,0.0094,0,NA,NA,NA,NA,NA,NA,NA,NA,NA,NA,NA,NA,0.01545,0,0,NA,NA,0,0,0,NA,NA,0,0,0,NA,NA,NA,NA,NA,NA,NA,NA,NA,NA,NA,NA
9,NC1bis,9,0.0025,0.45455,0.4511,0.4721,NA,NA,0.451125,0.4544,0.5016,NA,NA,0.50005,0.502425,0.529175,NA,NA,NA,NA,NA,NA,NA,NA,NA,NA,NA,NA,0.414925,0.4031,0.431475,NA,NA,0.405375,0.409125,0.432825,NA,NA,0.437925,0.4373,0.451925,NA,NA,NA,NA,NA,NA,NA,NA,NA,NA,NA,NA,0.34355,0.3345,0.34305,NA,NA,0.331175,0.322425,0.336375,NA,NA,0.3426,0.326675,0.324475,NA,NA,NA,NA,NA,NA,NA,NA,NA,NA,NA,NA,0.219825,0.19375,0.181375,NA,NA,0.194925,0.173075,0.15405,NA,NA,0.1739,0.15475,0.135825,NA,NA,NA,NA,NA,NA,NA,NA,NA,NA,NA,NA,0.116325,0.081425,0.06035,NA,NA,0.08275,0.05365,0.02425,NA,NA,0.049425,0.025525,2.50E-05,NA,NA,NA,NA,NA,NA,NA,NA,NA,NA,NA,NA,0.03965,0,0,NA,NA,0,0,0,NA,NA,0,0,0,NA,NA,NA,NA,NA,NA,NA,NA,NA,NA,NA,NA
10,NC1bis,10,0.005,0.4821,0.4822,0.514,NA,NA,0.477875,0.484,0.5608,NA,NA,0.5629,0.570875,0.619525,NA,NA,NA,NA,NA,NA,NA,NA,NA,NA,NA,NA,0.473475,0.47595,0.498775,NA,NA,0.470925,0.46265,0.53065,NA,NA,0.543975,0.536175,0.575475,NA,NA,NA,NA,NA,NA,NA,NA,NA,NA,NA,NA,0.445975,0.434975,0.44935,NA,NA,0.42795,0.42245,0.457075,NA,NA,0.4587,0.45455,0.47045,NA,NA,NA,NA,NA,NA,NA,NA,NA,NA,NA,NA,0.335075,0.314,0.29035,NA,NA,0.304975,0.27525,0.25675,NA,NA,0.28215,0.257425,0.226425,NA,NA,NA,NA,NA,NA,NA,NA,NA,NA,NA,NA,0.2028,0.15415,0.11115,NA,NA,0.1437,0.098825,0.048225,NA,NA,0.088225,0.04635,0.001425,NA,NA,NA,NA,NA,NA,NA,NA,NA,NA,NA,NA,0.077725,0,0,NA,NA,0,0,0,NA,NA,0,0,0,NA,NA,NA,NA,NA,NA,NA,NA,NA,NA,NA,NA
11,NC1bis,11,0.0075,0.474425,0.4721,0.5084,NA,NA,0.469225,0.468,0.5499,NA,NA,0.553425,0.555275,0.621175,NA,NA,NA,NA,NA,NA,NA,NA,NA,NA,NA,NA,0.47815,0.4709,0.50355,NA,NA,0.466225,0.4617,0.5364,NA,NA,0.53765,0.5351,0.58235,NA,NA,NA,NA,NA,NA,NA,NA,NA,NA,NA,NA,0.4624,0.455625,0.4734,NA,NA,0.451175,0.440375,0.4897,NA,NA,0.492225,0.48095,0.512975,NA,NA,NA,NA,NA,NA,NA,NA,NA,NA,NA,NA,0.401725,0.365025,0.35175,NA,NA,0.35775,0.33255,0.317875,NA,NA,0.341675,0.3116,0.2867,NA,NA,NA,NA,NA,NA,NA,NA,NA,NA,NA,NA,0.26575,0.202175,0.142375,NA,NA,0.193275,0.130625,0.0696,NA,NA,0.1252,0.064675,0.002975,NA,NA,NA,NA,NA,NA,NA,NA,NA,NA,NA,NA,0.1065,0.000125,0,NA,NA,0,0,0,NA,NA,0,0,0,NA,NA,NA,NA,NA,NA,NA,NA,NA,NA,NA,NA
12,NC1bis,12,0.01,0.46715,0.45745,0.4908,NA,NA,0.442575,0.438725,0.519,NA,NA,0.5195,0.526475,0.581475,NA,NA,NA,NA,NA,NA,NA,NA,NA,NA,NA,NA,0.466275,0.45625,0.4779,NA,NA,0.4433,0.435175,0.511075,NA,NA,0.510425,0.510375,0.561975,NA,NA,NA,NA,NA,NA,NA,NA,NA,NA,NA,NA,0.46895,0.4524,0.464975,NA,NA,0.43145,0.4188,0.470975,NA,NA,0.480425,0.4713,0.498825,NA,NA,NA,NA,NA,NA,NA,NA,NA,NA,NA,NA,0.424775,0.397725,0.379925,NA,NA,0.376325,0.349625,0.3364,NA,NA,0.357825,0.337125,0.3086,NA,NA,NA,NA,NA,NA,NA,NA,NA,NA,NA,NA,0.312925,0.242175,0.173625,NA,NA,0.22385,0.1561,0.079025,NA,NA,0.1462,0.077325,0.0041,NA,NA,NA,NA,NA,NA,NA,NA,NA,NA,NA,NA,0.135275,0.001625,0,NA,NA,0,0,0,NA,NA,0,0,0,NA,NA,NA,NA,NA,NA,NA,NA,NA,NA,NA,NA
13,NC1bis,13,0.0125,0.450975,0.438275,0.454925,NA,NA,0.432475,0.416525,0.48145,NA,NA,0.5055,0.488225,0.532125,NA,NA,NA,NA,NA,NA,NA,NA,NA,NA,NA,NA,0.46145,0.43685,0.454125,NA,NA,0.4305,0.4037,0.46725,NA,NA,0.489725,0.482025,0.516675,NA,NA,NA,NA,NA,NA,NA,NA,NA,NA,NA,NA,0.457475,0.434925,0.4326,NA,NA,0.429775,0.399575,0.440125,NA,NA,0.466975,0.449625,0.4755,NA,NA,NA,NA,NA,NA,NA,NA,NA,NA,NA,NA,0.4429,0.3963,0.373525,NA,NA,0.388325,0.349625,0.331775,NA,NA,0.378725,0.3381,0.3033,NA,NA,NA,NA,NA,NA,NA,NA,NA,NA,NA,NA,0.351675,0.257325,0.182575,NA,NA,0.253975,0.1695,0.091625,NA,NA,0.1714,0.0877,0.0052,NA,NA,NA,NA,NA,NA,NA,NA,NA,NA,NA,NA,0.162725,2.50E-05,0,NA,NA,0,0,0,NA,NA,0,0,0,NA,NA,NA,NA,NA,NA,NA,NA,NA,NA,NA,NA
14,NC1bis,14,0.015,0.436525,0.416725,0.419275,NA,NA,0.39895,0.37875,0.44475,NA,NA,0.45025,0.443525,0.48305,NA,NA,NA,NA,NA,NA,NA,NA,NA,NA,NA,NA,0.4332,0.413875,0.42345,NA,NA,0.396825,0.373125,0.42715,NA,NA,0.4419,0.435275,0.46775,NA,NA,NA,NA,NA,NA,NA,NA,NA,NA,NA,NA,0.4441,0.4153,0.4167,NA,NA,0.391975,0.364625,0.4071,NA,NA,0.421,0.413375,0.4228,NA,NA,NA,NA,NA,NA,NA,NA,NA,NA,NA,NA,0.436775,0.3895,0.3631,NA,NA,0.36805,0.3359,0.3155,NA,NA,0.346175,0.328475,0.2874,NA,NA,NA,NA,NA,NA,NA,NA,NA,NA,NA,NA,0.3666,0.27645,0.199375,NA,NA,0.253075,0.17775,0.088475,NA,NA,0.160075,0.092375,0.00315,NA,NA,NA,NA,NA,NA,NA,NA,NA,NA,NA,NA,0.1796,7.50E-05,0,NA,NA,0,0,0,NA,NA,0,0,0,NA,NA,NA,NA,NA,NA,NA,NA,NA,NA,NA,NA
15,NC1bis,15,0.0175,0.41585,0.407675,0.3955,NA,NA,0.376275,0.36265,0.4238,NA,NA,0.412775,0.404975,0.44955,NA,NA,NA,NA,NA,NA,NA,NA,NA,NA,NA,NA,0.420875,0.401825,0.4016,NA,NA,0.369,0.3529,0.4081,NA,NA,0.406825,0.39755,0.43535,NA,NA,NA,NA,NA,NA,NA,NA,NA,NA,NA,NA,0.427675,0.397925,0.3911,NA,NA,0.368375,0.346625,0.383175,NA,NA,0.387325,0.379175,0.3998,NA,NA,NA,NA,NA,NA,NA,NA,NA,NA,NA,NA,0.426575,0.38005,0.359225,NA,NA,0.349525,0.3258,0.3139,NA,NA,0.327475,0.310025,0.2922,NA,NA,NA,NA,NA,NA,NA,NA,NA,NA,NA,NA,0.378725,0.282025,0.2078,NA,NA,0.26235,0.1841,0.09825,NA,NA,0.167975,0.0977,0.006675,NA,NA,NA,NA,NA,NA,NA,NA,NA,NA,NA,NA,0.196525,0.001375,0,NA,NA,0,0,0,NA,NA,0,0,0,NA,NA,NA,NA,NA,NA,NA,NA,NA,NA,NA,NA
16,NC1bis,16,0.02,0.406475,0.38175,0.366625,NA,NA,0.3626,0.335975,0.37365,NA,NA,0.39065,0.3748,0.391225,NA,NA,NA,NA,NA,NA,NA,NA,NA,NA,NA,NA,0.4126,0.3803,0.36645,NA,NA,0.35615,0.329625,0.3592,NA,NA,0.3857,0.36405,0.375175,NA,NA,NA,NA,NA,NA,NA,NA,NA,NA,NA,NA,0.41645,0.371825,0.3563,NA,NA,0.352075,0.31875,0.34095,NA,NA,0.371725,0.348625,0.35135,NA,NA,NA,NA,NA,NA,NA,NA,NA,NA,NA,NA,0.4308,0.35585,0.3232,NA,NA,0.347725,0.30545,0.2817,NA,NA,0.31755,0.288225,0.251375,NA,NA,NA,NA,NA,NA,NA,NA,NA,NA,NA,NA,0.3903,0.274325,0.198125,NA,NA,0.265275,0.176775,0.09265,NA,NA,0.17375,0.1006,0.003,NA,NA,NA,NA,NA,NA,NA,NA,NA,NA,NA,NA,0.21475,0.000125,0,NA,NA,0,0,0,NA,NA,0,0,0,NA,NA,NA,NA,NA,NA,NA,NA,NA,NA,NA,NA
17,NC1bis,17,0.025,0.378075,0.347975,0.3099,NA,NA,0.331075,0.29155,0.29305,NA,NA,0.34425,0.315875,0.3079,NA,NA,NA,NA,NA,NA,NA,NA,NA,NA,NA,NA,0.389425,0.344675,0.2945,NA,NA,0.324025,0.2808,0.2861,NA,NA,0.344425,0.293325,0.29845,NA,NA,NA,NA,NA,NA,NA,NA,NA,NA,NA,NA,0.4028,0.3344,0.27975,NA,NA,0.32205,0.270875,0.26815,NA,NA,0.32915,0.282225,0.273575,NA,NA,NA,NA,NA,NA,NA,NA,NA,NA,NA,NA,0.413875,0.31805,0.260275,NA,NA,0.321175,0.25815,0.232975,NA,NA,0.297675,0.23565,0.20915,NA,NA,NA,NA,NA,NA,NA,NA,NA,NA,NA,NA,0.39495,0.2538,0.17235,NA,NA,0.265275,0.1771,0.088425,NA,NA,0.1877,0.092625,0.00375,NA,NA,NA,NA,NA,NA,NA,NA,NA,NA,NA,NA,0.2343,0,0,NA,NA,0,0,0,NA,NA,0,0,0,NA,NA,NA,NA,NA,NA,NA,NA,NA,NA,NA,NA
18,NC1bis,18,0.03,0.356225,0.317375,0.26855,NA,NA,0.284225,0.23905,0.2417,NA,NA,0.293325,0.251425,0.2309,NA,NA,NA,NA,NA,NA,NA,NA,NA,NA,NA,NA,0.370225,0.312275,0.2623,NA,NA,0.28815,0.232825,0.2292,NA,NA,0.279425,0.2402,0.216225,NA,NA,NA,NA,NA,NA,NA,NA,NA,NA,NA,NA,0.37885,0.30635,0.25515,NA,NA,0.285475,0.22575,0.211025,NA,NA,0.278025,0.22235,0.193925,NA,NA,NA,NA,NA,NA,NA,NA,NA,NA,NA,NA,0.393325,0.2901,0.237325,NA,NA,0.28535,0.21285,0.178075,NA,NA,0.2482,0.1939,0.152275,NA,NA,NA,NA,NA,NA,NA,NA,NA,NA,NA,NA,0.387675,0.2499,0.1634,NA,NA,0.25095,0.153425,0.075875,NA,NA,0.15985,0.07945,0.002625,NA,NA,NA,NA,NA,NA,NA,NA,NA,NA,NA,NA,0.2538,0.000375,0,NA,NA,0,0,0,NA,NA,0,0,0,NA,NA,NA,NA,NA,NA,NA,NA,NA,NA,NA,NA
19,NC1bis,19,0.035,0.3151,0.284975,0.2284,NA,NA,0.239175,0.19495,0.193525,NA,NA,0.214825,0.17895,0.1695,NA,NA,NA,NA,NA,NA,NA,NA,NA,NA,NA,NA,0.333125,0.2807,0.225225,NA,NA,0.2367,0.18505,0.1878,NA,NA,0.2152,0.1685,0.1616,NA,NA,NA,NA,NA,NA,NA,NA,NA,NA,NA,NA,0.346825,0.267875,0.2114,NA,NA,0.23235,0.178925,0.1691,NA,NA,0.204425,0.153675,0.14565,NA,NA,NA,NA,NA,NA,NA,NA,NA,NA,NA,NA,0.365125,0.258125,0.196075,NA,NA,0.23405,0.166375,0.140475,NA,NA,0.1806,0.130675,0.109225,NA,NA,NA,NA,NA,NA,NA,NA,NA,NA,NA,NA,0.371275,0.2317,0.1489,NA,NA,0.2083,0.123825,0.06675,NA,NA,0.124625,0.056475,0.0025,NA,NA,NA,NA,NA,NA,NA,NA,NA,NA,NA,NA,0.256775,0.000675,0,NA,NA,0,0,0,NA,NA,0,0,0,NA,NA,NA,NA,NA,NA,NA,NA,NA,NA,NA,NA
20,NC1bis,20,0.04,0.293075,0.258575,0.20305,NA,NA,0.198875,0.163875,0.14965,NA,NA,0.15555,0.13425,0.123925,NA,NA,NA,NA,NA,NA,NA,NA,NA,NA,NA,NA,0.30915,0.2529,0.19475,NA,NA,0.195225,0.149925,0.1458,NA,NA,0.154575,0.131325,0.11425,NA,NA,NA,NA,NA,NA,NA,NA,NA,NA,NA,NA,0.326125,0.240425,0.18575,NA,NA,0.196125,0.13895,0.13165,NA,NA,0.1451,0.120875,0.105725,NA,NA,NA,NA,NA,NA,NA,NA,NA,NA,NA,NA,0.351675,0.22775,0.169575,NA,NA,0.18745,0.139375,0.10085,NA,NA,0.12855,0.10515,0.076025,NA,NA,NA,NA,NA,NA,NA,NA,NA,NA,NA,NA,0.35355,0.20565,0.1311,NA,NA,0.1699,0.108925,0.051675,NA,NA,0.09645,0.050525,0.001075,NA,NA,NA,NA,NA,NA,NA,NA,NA,NA,NA,NA,0.263225,0.00175,0,NA,NA,0,0,0,NA,NA,0,0,0,NA,NA,NA,NA,NA,NA,NA,NA,NA,NA,NA,NA
21,NC1bis,21,0.045,0.2765,0.2466,0.1717,NA,NA,0.187825,0.141125,0.129775,NA,NA,0.13305,0.114975,0.098625,NA,NA,NA,NA,NA,NA,NA,NA,NA,NA,NA,NA,0.299575,0.242025,0.1627,NA,NA,0.18585,0.134675,0.116425,NA,NA,0.1309,0.107575,0.089975,NA,NA,NA,NA,NA,NA,NA,NA,NA,NA,NA,NA,0.319825,0.223825,0.15125,NA,NA,0.1764,0.12255,0.104275,NA,NA,0.127525,0.09715,0.08005,NA,NA,NA,NA,NA,NA,NA,NA,NA,NA,NA,NA,0.338075,0.20825,0.1379,NA,NA,0.174325,0.115775,0.08585,NA,NA,0.11475,0.08455,0.0573,NA,NA,NA,NA,NA,NA,NA,NA,NA,NA,NA,NA,0.3439,0.182625,0.1075,NA,NA,0.161825,0.0938,0.0478,NA,NA,0.08575,0.0463,0.001125,NA,NA,NA,NA,NA,NA,NA,NA,NA,NA,NA,NA,0.2648,0.001025,0,NA,NA,0,0,0,NA,NA,0,0,0,NA,NA,NA,NA,NA,NA,NA,NA,NA,NA,NA,NA
22,NC1bis,22,0.05,0.26715,0.22635,0.146,NA,NA,0.1699,0.1218,0.1008,NA,NA,0.11405,0.088725,0.07375,NA,NA,NA,NA,NA,NA,NA,NA,NA,NA,NA,NA,0.287375,0.2198,0.13475,NA,NA,0.1637,0.111125,0.091925,NA,NA,0.1051,0.084475,0.069175,NA,NA,NA,NA,NA,NA,NA,NA,NA,NA,NA,NA,0.31595,0.20795,0.1242,NA,NA,0.158125,0.103525,0.07955,NA,NA,0.102,0.076375,0.059775,NA,NA,NA,NA,NA,NA,NA,NA,NA,NA,NA,NA,0.3323,0.1831,0.106125,NA,NA,0.15255,0.098275,0.065825,NA,NA,0.09255,0.0619,0.043125,NA,NA,NA,NA,NA,NA,NA,NA,NA,NA,NA,NA,0.3411,0.162475,0.08645,NA,NA,0.145475,0.078825,0.03785,NA,NA,0.070625,0.034075,0.001325,NA,NA,NA,NA,NA,NA,NA,NA,NA,NA,NA,NA,0.273125,7.00E-04,0,NA,NA,0,0,0,NA,NA,0,0,0,NA,NA,NA,NA,NA,NA,NA,NA,NA,NA,NA,NA
23,NC1bis,23,0.055,0.24255,0.1975,0.128675,NA,NA,0.1429,0.099275,0.077725,NA,NA,0.08575,0.0655,0.0566,NA,NA,NA,NA,NA,NA,NA,NA,NA,NA,NA,NA,0.255975,0.192925,0.11785,NA,NA,0.135575,0.09145,0.07375,NA,NA,0.082175,0.056375,0.04875,NA,NA,NA,NA,NA,NA,NA,NA,NA,NA,NA,NA,0.27595,0.182175,0.1101,NA,NA,0.129175,0.08475,0.06205,NA,NA,0.07815,0.0545,0.04195,NA,NA,NA,NA,NA,NA,NA,NA,NA,NA,NA,NA,0.299125,0.161225,0.096975,NA,NA,0.125325,0.0732,0.049525,NA,NA,0.07325,0.044775,0.03255,NA,NA,NA,NA,NA,NA,NA,NA,NA,NA,NA,NA,0.3098,0.141475,0.08045,NA,NA,0.11735,0.06285,0.0316,NA,NA,0.05765,0.027,0.000575,NA,NA,NA,NA,NA,NA,NA,NA,NA,NA,NA,NA,0.256775,0.001225,0,NA,NA,0,0,0,NA,NA,0,0,0,NA,NA,NA,NA,NA,NA,NA,NA,NA,NA,NA,NA
24,NC1bis,24,0.06,0.22505,0.17715,0.095175,NA,NA,0.12855,0.0798,0.05645,NA,NA,0.073525,0.0534,0.03745,NA,NA,NA,NA,NA,NA,NA,NA,NA,NA,NA,NA,0.24135,0.171925,0.08745,NA,NA,0.1272,0.075925,0.049925,NA,NA,0.07075,0.0504,0.0337,NA,NA,NA,NA,NA,NA,NA,NA,NA,NA,NA,NA,0.267825,0.1554,0.07505,NA,NA,0.11965,0.066225,0.04185,NA,NA,0.06685,0.04225,0.0297,NA,NA,NA,NA,NA,NA,NA,NA,NA,NA,NA,NA,0.293325,0.126875,0.066175,NA,NA,0.1186,0.059525,0.032475,NA,NA,0.061775,0.03715,0.02205,NA,NA,NA,NA,NA,NA,NA,NA,NA,NA,NA,NA,0.308825,0.109725,0.053675,NA,NA,0.111375,0.0548,0.01845,NA,NA,0.047525,0.022175,0.000825,NA,NA,NA,NA,NA,NA,NA,NA,NA,NA,NA,NA,0.254975,0.000125,0,NA,NA,0,0,0,NA,NA,0,0,0,NA,NA,NA,NA,NA,NA,NA,NA,NA,NA,NA,NA
25,NC2bis,1,0,0,0,0,NA,NA,0,0,0,NA,NA,0,0,0,NA,NA,NA,NA,NA,NA,NA,NA,NA,NA,NA,NA,0,0,0,NA,NA,0,0,0,NA,NA,0,0,0,NA,NA,NA,NA,NA,NA,NA,NA,NA,NA,NA,NA,0,0,0,NA,NA,0,0,0,NA,NA,0,0,0,NA,NA,NA,NA,NA,NA,NA,NA,NA,NA,NA,NA,0,0,0,NA,NA,0,0,0,NA,NA,0,0,0,NA,NA,NA,NA,NA,NA,NA,NA,NA,NA,NA,NA,0,0,0,NA,NA,0,0,0,NA,NA,0,0,0,NA,NA,NA,NA,NA,NA,NA,NA,NA,NA,NA,NA,0,0,0,NA,NA,0,0,0,NA,NA,0,0,0,NA,NA,NA,NA,NA,NA,NA,NA,NA,NA,NA,NA
26,NC2bis,2,1.00E-05,0.006075,0.002525,0.003675,NA,NA,0.0031,0.00355,0.002675,NA,NA,0.00405,0.0024,0.003,NA,NA,NA,NA,NA,NA,NA,NA,NA,NA,NA,NA,0.00385,0.003725,0.0029,NA,NA,0.002125,0.001825,9.00E-04,NA,NA,0.0027,0.0016,0.001175,NA,NA,NA,NA,NA,NA,NA,NA,NA,NA,NA,NA,0.001575,0.00135,0.00105,NA,NA,0.000875,0.001425,0,NA,NA,0.0011,0,0,NA,NA,NA,NA,NA,NA,NA,NA,NA,NA,NA,NA,0,0,0,NA,NA,0,0,0,NA,NA,0,0,0,NA,NA,NA,NA,NA,NA,NA,NA,NA,NA,NA,NA,0,0,0,NA,NA,0,0,0,NA,NA,0,0,0,NA,NA,NA,NA,NA,NA,NA,NA,NA,NA,NA,NA,0,0,0,NA,NA,0,0,0,NA,NA,0,0,0,NA,NA,NA,NA,NA,NA,NA,NA,NA,NA,NA,NA
27,NC2bis,3,5.00E-05,0.022375,0.02455,0.0188,NA,NA,0.01955,0.018675,0.016025,NA,NA,0.021275,0.017,0.015025,NA,NA,NA,NA,NA,NA,NA,NA,NA,NA,NA,NA,0.018475,0.01555,0.013975,NA,NA,0.015725,0.01275,0.01095,NA,NA,0.014775,0.0115,0.00985,NA,NA,NA,NA,NA,NA,NA,NA,NA,NA,NA,NA,0.01095,0.00915,0.008675,NA,NA,0.009375,0.008075,0.005075,NA,NA,0.0065,0.005175,0.002925,NA,NA,NA,NA,NA,NA,NA,NA,NA,NA,NA,NA,0.005575,0.003425,0.00105,NA,NA,0.00275,0.00095,0,NA,NA,0.001175,0,0,NA,NA,NA,NA,NA,NA,NA,NA,NA,NA,NA,NA,0.0013,0,0,NA,NA,0,0,0,NA,NA,0,0,0,NA,NA,NA,NA,NA,NA,NA,NA,NA,NA,NA,NA,0,0,0,NA,NA,0,0,0,NA,NA,0,0,0,NA,NA,NA,NA,NA,NA,NA,NA,NA,NA,NA,NA
28,NC2bis,4,1.00E-04,0.046725,0.044325,0.0422,NA,NA,0.039475,0.043525,0.036975,NA,NA,0.040025,0.0343,0.03215,NA,NA,NA,NA,NA,NA,NA,NA,NA,NA,NA,NA,0.0343,0.028,0.02625,NA,NA,0.02915,0.025075,0.025275,NA,NA,0.028275,0.0241,0.02115,NA,NA,NA,NA,NA,NA,NA,NA,NA,NA,NA,NA,0.0234,0.020225,0.014025,NA,NA,0.017575,0.015275,0.011875,NA,NA,0.0141,0.011625,0.007525,NA,NA,NA,NA,NA,NA,NA,NA,NA,NA,NA,NA,0.009925,0.00655,0.002375,NA,NA,0.007175,0.002325,0,NA,NA,0.00265,0,0,NA,NA,NA,NA,NA,NA,NA,NA,NA,NA,NA,NA,0.0044,0,0,NA,NA,0,0,0,NA,NA,0,0,0,NA,NA,NA,NA,NA,NA,NA,NA,NA,NA,NA,NA,0,0,0,NA,NA,0,0,0,NA,NA,0,0,0,NA,NA,NA,NA,NA,NA,NA,NA,NA,NA,NA,NA
29,NC2bis,5,0.00025,0.109725,0.09945,0.09695,NA,NA,0.1036,0.092025,0.086225,NA,NA,0.095325,0.0851,0.08225,NA,NA,NA,NA,NA,NA,NA,NA,NA,NA,NA,NA,0.083975,0.073175,0.069425,NA,NA,0.077075,0.0663,0.0584,NA,NA,0.065725,0.0575,0.052675,NA,NA,NA,NA,NA,NA,NA,NA,NA,NA,NA,NA,0.0597,0.046175,0.03885,NA,NA,0.0466,0.036525,0.0306,NA,NA,0.036,0.030875,0.022575,NA,NA,NA,NA,NA,NA,NA,NA,NA,NA,NA,NA,0.025725,0.016625,0.008925,NA,NA,0.015725,0.007875,0,NA,NA,0.007625,0,0,NA,NA,NA,NA,NA,NA,NA,NA,NA,NA,NA,NA,0.011375,0.001275,0,NA,NA,0,0,0,NA,NA,0,0,0,NA,NA,NA,NA,NA,NA,NA,NA,NA,NA,NA,NA,0.0011,0,0,NA,NA,0,0,0,NA,NA,0,0,0,NA,NA,NA,NA,NA,NA,NA,NA,NA,NA,NA,NA
30,NC2bis,6,5.00E-04,0.19065,0.179025,0.166975,NA,NA,0.181175,0.1646,0.160725,NA,NA,0.176,0.157575,0.1527,NA,NA,NA,NA,NA,NA,NA,NA,NA,NA,NA,NA,0.149225,0.137825,0.123425,NA,NA,0.133725,0.128825,0.109825,NA,NA,0.12555,0.10905,0.09885,NA,NA,NA,NA,NA,NA,NA,NA,NA,NA,NA,NA,0.10355,0.091025,0.07255,NA,NA,0.084025,0.0732,0.058225,NA,NA,0.072,0.058375,0.04085,NA,NA,NA,NA,NA,NA,NA,NA,NA,NA,NA,NA,0.051675,0.0346,0.018375,NA,NA,0.028925,0.016025,0,NA,NA,0.0156,0,0,NA,NA,NA,NA,NA,NA,NA,NA,NA,NA,NA,NA,0.02365,0.0016,0,NA,NA,0.001375,0,0,NA,NA,0,0,0,NA,NA,NA,NA,NA,NA,NA,NA,NA,NA,NA,NA,0.0027,0,0,NA,NA,0,0,0,NA,NA,0,0,0,NA,NA,NA,NA,NA,NA,NA,NA,NA,NA,NA,NA
31,NC2bis,7,0.00075,0.259625,0.25065,0.22725,NA,NA,0.245575,0.230225,0.225875,NA,NA,0.233175,0.225725,0.2089,NA,NA,NA,NA,NA,NA,NA,NA,NA,NA,NA,NA,0.208125,0.1899,0.17505,NA,NA,0.19165,0.176325,0.1582,NA,NA,0.1765,0.1611,0.14755,NA,NA,NA,NA,NA,NA,NA,NA,NA,NA,NA,NA,0.15245,0.12955,0.10575,NA,NA,0.127325,0.106625,0.087575,NA,NA,0.106025,0.082925,0.0608,NA,NA,NA,NA,NA,NA,NA,NA,NA,NA,NA,NA,0.078925,0.047425,0.024575,NA,NA,0.0456,0.023075,0,NA,NA,0.022525,0,0,NA,NA,NA,NA,NA,NA,NA,NA,NA,NA,NA,NA,0.0322,0.0015,0,NA,NA,0.00135,0,0,NA,NA,0,0,0,NA,NA,NA,NA,NA,NA,NA,NA,NA,NA,NA,NA,0.005825,0,0,NA,NA,0,0,0,NA,NA,0,0,0,NA,NA,NA,NA,NA,NA,NA,NA,NA,NA,NA,NA
32,NC2bis,8,0.001,0.320525,0.297175,0.28005,NA,NA,0.3038,0.282125,0.278625,NA,NA,0.2836,0.279075,0.2694,NA,NA,NA,NA,NA,NA,NA,NA,NA,NA,NA,NA,0.266025,0.237375,0.217975,NA,NA,0.235325,0.219625,0.19885,NA,NA,0.214125,0.2016,0.182625,NA,NA,NA,NA,NA,NA,NA,NA,NA,NA,NA,NA,0.19075,0.157325,0.146525,NA,NA,0.158775,0.1351,0.10945,NA,NA,0.135875,0.105675,0.082475,NA,NA,NA,NA,NA,NA,NA,NA,NA,NA,NA,NA,0.098875,0.068925,0.033525,NA,NA,0.063825,0.032425,7.50E-05,NA,NA,0.03025,0,0,NA,NA,NA,NA,NA,NA,NA,NA,NA,NA,NA,NA,0.045525,0.0027,0,NA,NA,0.0012,0,0,NA,NA,0,0,0,NA,NA,NA,NA,NA,NA,NA,NA,NA,NA,NA,NA,0.0056,0,0,NA,NA,0,0,0,NA,NA,0,0,0,NA,NA,NA,NA,NA,NA,NA,NA,NA,NA,NA,NA
33,NC2bis,9,0.0025,0.45365,0.43915,0.441325,NA,NA,0.438575,0.426525,0.4438,NA,NA,0.4718,0.444825,0.4452,NA,NA,NA,NA,NA,NA,NA,NA,NA,NA,NA,NA,0.4173,0.390825,0.384825,NA,NA,0.40775,0.369625,0.361425,NA,NA,0.385725,0.350225,0.338825,NA,NA,NA,NA,NA,NA,NA,NA,NA,NA,NA,NA,0.3475,0.307475,0.2683,NA,NA,0.303275,0.267675,0.224425,NA,NA,0.26825,0.2196,0.1736,NA,NA,NA,NA,NA,NA,NA,NA,NA,NA,NA,NA,0.2177,0.1412,0.081825,NA,NA,0.142025,0.070875,0.00135,NA,NA,0.074875,0.0012,0,NA,NA,NA,NA,NA,NA,NA,NA,NA,NA,NA,NA,0.11055,0.012825,0,NA,NA,0.009475,0,0,NA,NA,0,0,0,NA,NA,NA,NA,NA,NA,NA,NA,NA,NA,NA,NA,0.0163,0,0,NA,NA,0,0,0,NA,NA,0,0,0,NA,NA,NA,NA,NA,NA,NA,NA,NA,NA,NA,NA
34,NC2bis,10,0.005,0.483975,0.454625,0.4354,NA,NA,0.44715,0.4258,0.461925,NA,NA,0.494475,0.46005,0.470925,NA,NA,NA,NA,NA,NA,NA,NA,NA,NA,NA,NA,0.475475,0.434175,0.4193,NA,NA,0.434275,0.403575,0.39765,NA,NA,0.444875,0.408025,0.3879,NA,NA,NA,NA,NA,NA,NA,NA,NA,NA,NA,NA,0.448075,0.384975,0.3391,NA,NA,0.3834,0.33995,0.29115,NA,NA,0.3475,0.291325,0.2374,NA,NA,NA,NA,NA,NA,NA,NA,NA,NA,NA,NA,0.3317,0.223675,0.12885,NA,NA,0.2247,0.11385,0.003475,NA,NA,0.12925,0.00285,0,NA,NA,NA,NA,NA,NA,NA,NA,NA,NA,NA,NA,0.1848,0.018175,0,NA,NA,0.0155,0,0,NA,NA,0,0,0,NA,NA,NA,NA,NA,NA,NA,NA,NA,NA,NA,NA,0.0325,0,0,NA,NA,0,0,0,NA,NA,0,0,0,NA,NA,NA,NA,NA,NA,NA,NA,NA,NA,NA,NA
35,NC2bis,11,0.0075,0.475,0.4161,0.397975,NA,NA,0.4088,0.36355,0.399725,NA,NA,0.43945,0.3879,0.3808,NA,NA,NA,NA,NA,NA,NA,NA,NA,NA,NA,NA,0.4722,0.408725,0.39055,NA,NA,0.40315,0.3656,0.35855,NA,NA,0.402175,0.35665,0.3333,NA,NA,NA,NA,NA,NA,NA,NA,NA,NA,NA,NA,0.46705,0.390725,0.3404,NA,NA,0.3922,0.323225,0.286875,NA,NA,0.345875,0.278525,0.2197,NA,NA,NA,NA,NA,NA,NA,NA,NA,NA,NA,NA,0.3816,0.275525,0.1647,NA,NA,0.258575,0.13795,0.009025,NA,NA,0.13945,0.00015,0,NA,NA,NA,NA,NA,NA,NA,NA,NA,NA,NA,NA,0.23685,0.039025,0,NA,NA,0.014525,0,0,NA,NA,0,0,0,NA,NA,NA,NA,NA,NA,NA,NA,NA,NA,NA,NA,0.0426,0,0,NA,NA,0,0,0,NA,NA,0,0,0,NA,NA,NA,NA,NA,NA,NA,NA,NA,NA,NA,NA
36,NC2bis,12,0.01,0.457975,0.3834,0.3281,NA,NA,0.367225,0.315225,0.295375,NA,NA,0.3422,0.320475,0.298675,NA,NA,NA,NA,NA,NA,NA,NA,NA,NA,NA,NA,0.46675,0.36995,0.325825,NA,NA,0.36255,0.311725,0.269725,NA,NA,0.3253,0.2936,0.25345,NA,NA,NA,NA,NA,NA,NA,NA,NA,NA,NA,NA,0.466375,0.361,0.30055,NA,NA,0.347125,0.2924,0.225975,NA,NA,0.2765,0.24085,0.184425,NA,NA,NA,NA,NA,NA,NA,NA,NA,NA,NA,NA,0.418075,0.273575,0.165375,NA,NA,0.264625,0.14555,0.002625,NA,NA,0.129175,0.001825,0,NA,NA,NA,NA,NA,NA,NA,NA,NA,NA,NA,NA,0.2791,0.030725,0,NA,NA,0.023975,0,0,NA,NA,0,0,0,NA,NA,NA,NA,NA,NA,NA,NA,NA,NA,NA,NA,0.05735,0,0,NA,NA,0,0,0,NA,NA,0,0,0,NA,NA,NA,NA,NA,NA,NA,NA,NA,NA,NA,NA
37,NC2bis,13,0.0125,0.461125,0.357325,0.285475,NA,NA,0.315175,0.25535,0.23885,NA,NA,0.2982,0.227,0.206475,NA,NA,NA,NA,NA,NA,NA,NA,NA,NA,NA,NA,0.461575,0.3508,0.282,NA,NA,0.315475,0.2474,0.213775,NA,NA,0.28285,0.2063,0.187725,NA,NA,NA,NA,NA,NA,NA,NA,NA,NA,NA,NA,0.46515,0.339025,0.268775,NA,NA,0.312625,0.237175,0.182025,NA,NA,0.241475,0.1773,0.13995,NA,NA,NA,NA,NA,NA,NA,NA,NA,NA,NA,NA,0.4247,0.2778,0.15735,NA,NA,0.250475,0.13425,0.0056,NA,NA,0.136475,0.000975,0,NA,NA,NA,NA,NA,NA,NA,NA,NA,NA,NA,NA,0.31055,0.04565,0,NA,NA,0.01375,0,0,NA,NA,0,0,0,NA,NA,NA,NA,NA,NA,NA,NA,NA,NA,NA,NA,0.06775,0,0,NA,NA,0,0,0,NA,NA,0,0,0,NA,NA,NA,NA,NA,NA,NA,NA,NA,NA,NA,NA
38,NC2bis,14,0.015,0.4398,0.30475,0.1998,NA,NA,0.2762,0.208075,0.16955,NA,NA,0.192675,0.1692,0.14,NA,NA,NA,NA,NA,NA,NA,NA,NA,NA,NA,NA,0.43505,0.282725,0.199225,NA,NA,0.2671,0.1979,0.14795,NA,NA,0.179025,0.158125,0.12065,NA,NA,NA,NA,NA,NA,NA,NA,NA,NA,NA,NA,0.441575,0.2699,0.1842,NA,NA,0.259725,0.185925,0.128475,NA,NA,0.16655,0.13375,0.093975,NA,NA,NA,NA,NA,NA,NA,NA,NA,NA,NA,NA,0.41565,0.22545,0.111525,NA,NA,0.215125,0.11025,1.00E-04,NA,NA,0.098775,0.00135,0,NA,NA,NA,NA,NA,NA,NA,NA,NA,NA,NA,NA,0.315075,0.028575,0,NA,NA,0.012775,0,0,NA,NA,0,0,0,NA,NA,NA,NA,NA,NA,NA,NA,NA,NA,NA,NA,0.07135,0,0,NA,NA,0,0,0,NA,NA,0,0,0,NA,NA,NA,NA,NA,NA,NA,NA,NA,NA,NA,NA
39,NC2bis,15,0.0175,0.42725,0.27555,0.1585,NA,NA,0.266075,0.16085,0.11445,NA,NA,0.187975,0.116675,0.089475,NA,NA,NA,NA,NA,NA,NA,NA,NA,NA,NA,NA,0.426225,0.26255,0.156325,NA,NA,0.24875,0.149175,0.10695,NA,NA,0.174475,0.111175,0.080625,NA,NA,NA,NA,NA,NA,NA,NA,NA,NA,NA,NA,0.430525,0.245525,0.14675,NA,NA,0.239225,0.151275,0.09155,NA,NA,0.1588,0.09405,0.0598,NA,NA,NA,NA,NA,NA,NA,NA,NA,NA,NA,NA,0.4163,0.22,0.09985,NA,NA,0.214875,0.094775,0.001625,NA,NA,0.103825,0.00055,0,NA,NA,NA,NA,NA,NA,NA,NA,NA,NA,NA,NA,0.3281,0.03585,0,NA,NA,0.0223,0,0,NA,NA,0,0,0,NA,NA,NA,NA,NA,NA,NA,NA,NA,NA,NA,NA,0.090175,0,0,NA,NA,0,0,0,NA,NA,0,0,0,NA,NA,NA,NA,NA,NA,NA,NA,NA,NA,NA,NA
40,NC2bis,16,0.02,0.4145,0.250675,0.141175,NA,NA,0.228625,0.128,0.0885,NA,NA,0.15625,0.09965,0.0661,NA,NA,NA,NA,NA,NA,NA,NA,NA,NA,NA,NA,0.422375,0.235375,0.134625,NA,NA,0.22365,0.1235,0.082025,NA,NA,0.14935,0.0826,0.05855,NA,NA,NA,NA,NA,NA,NA,NA,NA,NA,NA,NA,0.4159,0.220325,0.130275,NA,NA,0.213325,0.118225,0.068325,NA,NA,0.1301,0.071825,0.04505,NA,NA,NA,NA,NA,NA,NA,NA,NA,NA,NA,NA,0.400725,0.19095,0.097225,NA,NA,0.194525,0.0796,0.00185,NA,NA,0.089775,0.002175,0,NA,NA,NA,NA,NA,NA,NA,NA,NA,NA,NA,NA,0.32305,0.04335,0,NA,NA,0.0272,0,0,NA,NA,0,0,0,NA,NA,NA,NA,NA,NA,NA,NA,NA,NA,NA,NA,0.088875,0,0,NA,NA,0,0,0,NA,NA,0,0,0,NA,NA,NA,NA,NA,NA,NA,NA,NA,NA,NA,NA
41,NC2bis,17,0.025,0.3913,0.2031,0.0953,NA,NA,0.1698,0.078575,0.051875,NA,NA,0.082125,0.049975,0.026175,NA,NA,NA,NA,NA,NA,NA,NA,NA,NA,NA,NA,0.39465,0.183175,0.0934,NA,NA,0.1666,0.07335,0.043875,NA,NA,0.08065,0.04545,0.0199,NA,NA,NA,NA,NA,NA,NA,NA,NA,NA,NA,NA,0.4,0.1776,0.088375,NA,NA,0.1541,0.063925,0.036825,NA,NA,0.0693,0.037675,0.015475,NA,NA,NA,NA,NA,NA,NA,NA,NA,NA,NA,NA,0.38655,0.154175,0.07245,NA,NA,0.144725,0.044975,0.00205,NA,NA,0.0581,0.00165,0,NA,NA,NA,NA,NA,NA,NA,NA,NA,NA,NA,NA,0.3192,0.0365,0,NA,NA,0.021275,0,0,NA,NA,0,0,0,NA,NA,NA,NA,NA,NA,NA,NA,NA,NA,NA,NA,0.09765,0,0,NA,NA,0,0,0,NA,NA,0,0,0,NA,NA,NA,NA,NA,NA,NA,NA,NA,NA,NA,NA
42,NC2bis,18,0.03,0.3767,0.14035,0.048525,NA,NA,0.130025,0.0507,0.020525,NA,NA,0.05665,0.01915,0.0099,NA,NA,NA,NA,NA,NA,NA,NA,NA,NA,NA,NA,0.384325,0.125675,0.0456,NA,NA,0.12565,0.044325,0.020125,NA,NA,0.05645,0.017925,0.0092,NA,NA,NA,NA,NA,NA,NA,NA,NA,NA,NA,NA,0.38135,0.111325,0.040325,NA,NA,0.116875,0.039075,0.0162,NA,NA,0.05035,0.015375,0.006425,NA,NA,NA,NA,NA,NA,NA,NA,NA,NA,NA,NA,0.366625,0.102625,0.033075,NA,NA,0.108925,0.02885,0.0017,NA,NA,0.0396,0.0011,0,NA,NA,NA,NA,NA,NA,NA,NA,NA,NA,NA,NA,0.3224,0.0318,0,NA,NA,0.019075,0,0,NA,NA,0,0,0,NA,NA,NA,NA,NA,NA,NA,NA,NA,NA,NA,NA,0.108625,0,0,NA,NA,0,0,0,NA,NA,0,0,0,NA,NA,NA,NA,NA,NA,NA,NA,NA,NA,NA,NA
43,NC2bis,19,0.035,0.350025,0.10405,0.0265,NA,NA,0.091575,0.0314,0.00965,NA,NA,0.0274,0.012825,0.0042,NA,NA,NA,NA,NA,NA,NA,NA,NA,NA,NA,NA,0.366775,0.08945,0.026225,NA,NA,0.0864,0.025325,0.00795,NA,NA,0.024625,0.01065,0.003125,NA,NA,NA,NA,NA,NA,NA,NA,NA,NA,NA,NA,0.3574,0.07365,0.024175,NA,NA,0.084,0.022875,0.00695,NA,NA,0.02375,0.00835,0.00275,NA,NA,NA,NA,NA,NA,NA,NA,NA,NA,NA,NA,0.3391,0.062325,0.019075,NA,NA,0.072625,0.016725,0.00015,NA,NA,0.020675,0.000375,0,NA,NA,NA,NA,NA,NA,NA,NA,NA,NA,NA,NA,0.304,0.014475,0,NA,NA,0.0094,0,0,NA,NA,0,0,0,NA,NA,NA,NA,NA,NA,NA,NA,NA,NA,NA,NA,0.117375,0,0,NA,NA,0,0,0,NA,NA,0,0,0,NA,NA,NA,NA,NA,NA,NA,NA,NA,NA,NA,NA
44,NC2bis,20,0.04,0.32905,0.0918,0.0169,NA,NA,0.06,0.01505,0.00515,NA,NA,0.015425,0.004275,0.0017,NA,NA,NA,NA,NA,NA,NA,NA,NA,NA,NA,NA,0.341525,0.0794,0.016825,NA,NA,0.052625,0.012125,0.003775,NA,NA,0.013625,0.003375,0.001,NA,NA,NA,NA,NA,NA,NA,NA,NA,NA,NA,NA,0.341625,0.06335,0.015625,NA,NA,0.051425,0.009925,0.00335,NA,NA,0.0139,0.00365,0.000925,NA,NA,NA,NA,NA,NA,NA,NA,NA,NA,NA,NA,0.31005,0.05185,0.013275,NA,NA,0.045575,0.00815,0.00045,NA,NA,0.014675,0,0,NA,NA,NA,NA,NA,NA,NA,NA,NA,NA,NA,NA,0.2691,0.016125,0,NA,NA,0.0088,0,0,NA,NA,0,0,0,NA,NA,NA,NA,NA,NA,NA,NA,NA,NA,NA,NA,0.103575,0,0,NA,NA,0,0,0,NA,NA,0,0,0,NA,NA,NA,NA,NA,NA,NA,NA,NA,NA,NA,NA
45,NC2bis,21,0.045,0.312975,0.0596,0.00715,NA,NA,0.05125,0.009975,0.0017,NA,NA,0.011475,0.0019,0.000875,NA,NA,NA,NA,NA,NA,NA,NA,NA,NA,NA,NA,0.322275,0.045425,0.0062,NA,NA,0.0471,0.0078,0.001375,NA,NA,0.0107,0.0013,0.000525,NA,NA,NA,NA,NA,NA,NA,NA,NA,NA,NA,NA,0.314375,0.032675,0.006025,NA,NA,0.03755,0.00745,8.00E-04,NA,NA,0.0087,0.00105,0.00035,NA,NA,NA,NA,NA,NA,NA,NA,NA,NA,NA,NA,0.2926,0.025825,0.004775,NA,NA,0.03675,0.0054,2.50E-05,NA,NA,0.007675,0,0,NA,NA,NA,NA,NA,NA,NA,NA,NA,NA,NA,NA,0.251325,0.0065,0,NA,NA,0.007175,0,0,NA,NA,0,0,0,NA,NA,NA,NA,NA,NA,NA,NA,NA,NA,NA,NA,0.1027,0,0,NA,NA,0,0,0,NA,NA,0,0,0,NA,NA,NA,NA,NA,NA,NA,NA,NA,NA,NA,NA
46,NC2bis,22,0.05,0.29715,0.05525,0.006525,NA,NA,0.0302,0.00675,0.001425,NA,NA,0.002925,0.00055,0.000575,NA,NA,NA,NA,NA,NA,NA,NA,NA,NA,NA,NA,0.30105,0.041175,0.005275,NA,NA,0.0271,0.00615,0.000675,NA,NA,0.00275,8.00E-04,0.00025,NA,NA,NA,NA,NA,NA,NA,NA,NA,NA,NA,NA,0.295125,0.032875,0.0049,NA,NA,0.02435,0.004325,0.000375,NA,NA,0.002375,0.000825,0.000125,NA,NA,NA,NA,NA,NA,NA,NA,NA,NA,NA,NA,0.268375,0.02725,0.00365,NA,NA,0.0233,0.00375,0,NA,NA,0.002875,2.50E-05,0,NA,NA,NA,NA,NA,NA,NA,NA,NA,NA,NA,NA,0.2299,0.008125,0,NA,NA,0.004875,0,0,NA,NA,0,0,0,NA,NA,NA,NA,NA,NA,NA,NA,NA,NA,NA,NA,0.103,0,0,NA,NA,0,0,0,NA,NA,0,0,0,NA,NA,NA,NA,NA,NA,NA,NA,NA,NA,NA,NA
47,NC2bis,23,0.055,0.2803,0.04205,0.0027,NA,NA,0.0208,0.00335,0.000275,NA,NA,0.001775,0.000225,2.50E-05,NA,NA,NA,NA,NA,NA,NA,NA,NA,NA,NA,NA,0.2914,0.032175,0.003075,NA,NA,0.017375,0.0025,0.000525,NA,NA,0.001225,0.000525,0,NA,NA,NA,NA,NA,NA,NA,NA,NA,NA,NA,NA,0.284875,0.0256,0.002475,NA,NA,0.015925,0.002125,2.00E-04,NA,NA,0.0015,3.00E-04,2.50E-05,NA,NA,NA,NA,NA,NA,NA,NA,NA,NA,NA,NA,0.25535,0.01845,0.001575,NA,NA,0.011625,0.001375,5.00E-05,NA,NA,0.0012,0,0,NA,NA,NA,NA,NA,NA,NA,NA,NA,NA,NA,NA,0.2073,0.005425,0,NA,NA,0.002475,0,0,NA,NA,0,0,0,NA,NA,NA,NA,NA,NA,NA,NA,NA,NA,NA,NA,0.09765,0,0,NA,NA,0,0,0,NA,NA,0,0,0,NA,NA,NA,NA,NA,NA,NA,NA,NA,NA,NA,NA
48,NC2bis,24,0.06,0.257475,0.0331,0.00195,NA,NA,0.013275,0.001725,4.00E-04,NA,NA,0.000875,0.00015,0,NA,NA,NA,NA,NA,NA,NA,NA,NA,NA,NA,NA,0.273225,0.022125,0.001125,NA,NA,0.011775,0.00115,0.000225,NA,NA,7.00E-04,2.00E-04,0,NA,NA,NA,NA,NA,NA,NA,NA,NA,NA,NA,NA,0.26995,0.016,0.00175,NA,NA,0.0103,0.000725,0,NA,NA,3.00E-04,0.000325,0,NA,NA,NA,NA,NA,NA,NA,NA,NA,NA,NA,NA,0.2271,0.013075,0.000825,NA,NA,0.00845,0.00045,0,NA,NA,0.000425,7.50E-05,0,NA,NA,NA,NA,NA,NA,NA,NA,NA,NA,NA,NA,0.176625,0.004775,0,NA,NA,0.001925,0,0,NA,NA,0,0,0,NA,NA,NA,NA,NA,NA,NA,NA,NA,NA,NA,NA,0.077075,0,0,NA,NA,0,0,0,NA,NA,0,0,0,NA,NA,NA,NA,NA,NA,NA,NA,NA,NA,NA,NA
49,NC3bis,1,0,0,0,0,NA,NA,0,0,0,NA,NA,0,0,0,NA,NA,NA,NA,NA,NA,NA,NA,NA,NA,NA,NA,0,0,0,NA,NA,0,0,0,NA,NA,0,0,0,NA,NA,NA,NA,NA,NA,NA,NA,NA,NA,NA,NA,0,0,0,NA,NA,0,0,0,NA,NA,0,0,0,NA,NA,NA,NA,NA,NA,NA,NA,NA,NA,NA,NA,0,0,0,NA,NA,0,0,0,NA,NA,0,0,0,NA,NA,NA,NA,NA,NA,NA,NA,NA,NA,NA,NA,0,0,0,NA,NA,0,0,0,NA,NA,0,0,0,NA,NA,NA,NA,NA,NA,NA,NA,NA,NA,NA,NA,0,0,0,NA,NA,0,0,0,NA,NA,0,0,0,NA,NA,NA,NA,NA,NA,NA,NA,NA,NA,NA,NA
50,NC3bis,2,1.00E-05,0.004475,0.004275,0.0039,NA,NA,0.004325,0.004425,0.003925,NA,NA,0.003975,0.004025,0.003625,NA,NA,NA,NA,NA,NA,NA,NA,NA,NA,NA,NA,0.002625,0.0024,0.003425,NA,NA,0.002675,0.002975,0.002575,NA,NA,0.00275,0.0028,0.002675,NA,NA,NA,NA,NA,NA,NA,NA,NA,NA,NA,NA,0.001325,0.0015,0.001225,NA,NA,0.0014,0.0014,0.00145,NA,NA,0.0013,0.001125,0.00155,NA,NA,NA,NA,NA,NA,NA,NA,NA,NA,NA,NA,0,0,0,NA,NA,0,0,0,NA,NA,0,0,0,NA,NA,NA,NA,NA,NA,NA,NA,NA,NA,NA,NA,0,0,0,NA,NA,0,0,0,NA,NA,0,0,0,NA,NA,NA,NA,NA,NA,NA,NA,NA,NA,NA,NA,0,0,0,NA,NA,0,0,0,NA,NA,0,0,0,NA,NA,NA,NA,NA,NA,NA,NA,NA,NA,NA,NA
51,NC3bis,3,5.00E-05,0.021725,0.024675,0.023425,NA,NA,0.021725,0.02085,0.02085,NA,NA,0.0223,0.02115,0.022575,NA,NA,NA,NA,NA,NA,NA,NA,NA,NA,NA,NA,0.0175,0.017425,0.015025,NA,NA,0.014875,0.015025,0.0155,NA,NA,0.017375,0.016275,0.014225,NA,NA,NA,NA,NA,NA,NA,NA,NA,NA,NA,NA,0.01145,0.010175,0.00945,NA,NA,0.0108,0.0088,0.00855,NA,NA,0.010425,0.009675,0.0079,NA,NA,NA,NA,NA,NA,NA,NA,NA,NA,NA,NA,0.0051,0.00335,0.004,NA,NA,0.0043,0.0035,0.002375,NA,NA,0.004425,0.003375,0.002775,NA,NA,NA,NA,NA,NA,NA,NA,NA,NA,NA,NA,0.002325,0.001075,2.50E-05,NA,NA,0.001425,0,0,NA,NA,0,0,0,NA,NA,NA,NA,NA,NA,NA,NA,NA,NA,NA,NA,0,0,0,NA,NA,0,0,0,NA,NA,0,0,0,NA,NA,NA,NA,NA,NA,NA,NA,NA,NA,NA,NA
52,NC3bis,4,1.00E-04,0.043975,0.046725,0.0455,NA,NA,0.045275,0.040475,0.042325,NA,NA,0.04345,0.042675,0.040075,NA,NA,NA,NA,NA,NA,NA,NA,NA,NA,NA,NA,0.0345,0.035125,0.0323,NA,NA,0.033575,0.032025,0.0312,NA,NA,0.031525,0.031775,0.031575,NA,NA,NA,NA,NA,NA,NA,NA,NA,NA,NA,NA,0.021575,0.021425,0.0195,NA,NA,0.02055,0.0202,0.018,NA,NA,0.020725,0.01775,0.017425,NA,NA,NA,NA,NA,NA,NA,NA,NA,NA,NA,NA,0.0108,0.008875,0.00865,NA,NA,0.008825,0.00775,0.006325,NA,NA,0.00785,0.00665,0.0062,NA,NA,NA,NA,NA,NA,NA,NA,NA,NA,NA,NA,0.005475,0.003,0.0015,NA,NA,0.002275,0.0012,0,NA,NA,0.001725,0,0,NA,NA,NA,NA,NA,NA,NA,NA,NA,NA,NA,NA,0.0012,0,0,NA,NA,0,0,0,NA,NA,0,0,0,NA,NA,NA,NA,NA,NA,NA,NA,NA,NA,NA,NA
53,NC3bis,5,0.00025,0.110375,0.1054,0.10495,NA,NA,0.1043,0.104525,0.103025,NA,NA,0.103575,0.102625,0.0988,NA,NA,NA,NA,NA,NA,NA,NA,NA,NA,NA,NA,0.079775,0.077775,0.07845,NA,NA,0.07685,0.076675,0.0747,NA,NA,0.078525,0.072875,0.07105,NA,NA,NA,NA,NA,NA,NA,NA,NA,NA,NA,NA,0.05615,0.053525,0.0501,NA,NA,0.04975,0.049325,0.050025,NA,NA,0.050425,0.048375,0.0441,NA,NA,NA,NA,NA,NA,NA,NA,NA,NA,NA,NA,0.028075,0.0245,0.0213,NA,NA,0.023275,0.020975,0.017075,NA,NA,0.020125,0.01685,0.01465,NA,NA,NA,NA,NA,NA,NA,NA,NA,NA,NA,NA,0.0123,0.0095,0.005475,NA,NA,0.007475,0.005375,0.002875,NA,NA,0.005075,0.001075,0,NA,NA,NA,NA,NA,NA,NA,NA,NA,NA,NA,NA,0.003875,0,0,NA,NA,0,0,0,NA,NA,0,0,0,NA,NA,NA,NA,NA,NA,NA,NA,NA,NA,NA,NA
54,NC3bis,6,5.00E-04,0.188525,0.1893,0.187475,NA,NA,0.188275,0.188975,0.187525,NA,NA,0.184,0.187625,0.18965,NA,NA,NA,NA,NA,NA,NA,NA,NA,NA,NA,NA,0.151825,0.146925,0.14975,NA,NA,0.143425,0.140875,0.13995,NA,NA,0.14465,0.141625,0.138925,NA,NA,NA,NA,NA,NA,NA,NA,NA,NA,NA,NA,0.107275,0.099975,0.09605,NA,NA,0.1013,0.093275,0.0914,NA,NA,0.095275,0.09035,0.089625,NA,NA,NA,NA,NA,NA,NA,NA,NA,NA,NA,NA,0.052325,0.046425,0.041475,NA,NA,0.045675,0.0407,0.0359,NA,NA,0.0393,0.0346,0.02925,NA,NA,NA,NA,NA,NA,NA,NA,NA,NA,NA,NA,0.0249,0.017025,0.012525,NA,NA,0.016975,0.010175,0.0048,NA,NA,0.0106,0.003975,0,NA,NA,NA,NA,NA,NA,NA,NA,NA,NA,NA,NA,0.0079,0,0,NA,NA,0,0,0,NA,NA,0,0,0,NA,NA,NA,NA,NA,NA,NA,NA,NA,NA,NA,NA
55,NC3bis,7,0.00075,0.2632,0.257575,0.260075,NA,NA,0.24765,0.2517,0.258475,NA,NA,0.2621,0.25695,0.258525,NA,NA,NA,NA,NA,NA,NA,NA,NA,NA,NA,NA,0.2118,0.206125,0.2052,NA,NA,0.2035,0.20115,0.198275,NA,NA,0.206175,0.1967,0.198675,NA,NA,NA,NA,NA,NA,NA,NA,NA,NA,NA,NA,0.1526,0.1451,0.140225,NA,NA,0.14255,0.133825,0.13165,NA,NA,0.13725,0.131425,0.126275,NA,NA,NA,NA,NA,NA,NA,NA,NA,NA,NA,NA,0.08225,0.07055,0.06275,NA,NA,0.07055,0.0597,0.05335,NA,NA,0.058825,0.050175,0.0448,NA,NA,NA,NA,NA,NA,NA,NA,NA,NA,NA,NA,0.038875,0.026425,0.017975,NA,NA,0.0262,0.016675,0.008275,NA,NA,0.0149,0.007,0,NA,NA,NA,NA,NA,NA,NA,NA,NA,NA,NA,NA,0.01115,0,0,NA,NA,0,0,0,NA,NA,0,0,0,NA,NA,NA,NA,NA,NA,NA,NA,NA,NA,NA,NA
56,NC3bis,8,0.001,0.317925,0.30525,0.31395,NA,NA,0.3069,0.3037,0.311925,NA,NA,0.315825,0.311675,0.321625,NA,NA,NA,NA,NA,NA,NA,NA,NA,NA,NA,NA,0.2558,0.25755,0.252925,NA,NA,0.250625,0.24275,0.25075,NA,NA,0.25605,0.250975,0.250575,NA,NA,NA,NA,NA,NA,NA,NA,NA,NA,NA,NA,0.19005,0.1853,0.1782,NA,NA,0.17995,0.16795,0.171425,NA,NA,0.179525,0.16685,0.164475,NA,NA,NA,NA,NA,NA,NA,NA,NA,NA,NA,NA,0.1013,0.092625,0.079575,NA,NA,0.088225,0.079425,0.0691,NA,NA,0.077325,0.06695,0.062025,NA,NA,NA,NA,NA,NA,NA,NA,NA,NA,NA,NA,0.051325,0.03645,0.0244,NA,NA,0.034,0.02155,0.011575,NA,NA,0.020725,0.0099,0,NA,NA,NA,NA,NA,NA,NA,NA,NA,NA,NA,NA,0.01565,0,0,NA,NA,0,0,0,NA,NA,0,0,0,NA,NA,NA,NA,NA,NA,NA,NA,NA,NA,NA,NA
57,NC3bis,9,0.0025,0.45695,0.45245,0.473375,NA,NA,0.45135,0.454975,0.494525,NA,NA,0.494525,0.50555,0.5375,NA,NA,NA,NA,NA,NA,NA,NA,NA,NA,NA,NA,0.412175,0.41245,0.4211,NA,NA,0.411675,0.3994,0.437025,NA,NA,0.436975,0.439225,0.45395,NA,NA,NA,NA,NA,NA,NA,NA,NA,NA,NA,NA,0.342975,0.338275,0.336275,NA,NA,0.334425,0.324325,0.3299,NA,NA,0.343625,0.331,0.332175,NA,NA,NA,NA,NA,NA,NA,NA,NA,NA,NA,NA,0.221825,0.19915,0.181775,NA,NA,0.19285,0.171075,0.156475,NA,NA,0.17165,0.152075,0.1319,NA,NA,NA,NA,NA,NA,NA,NA,NA,NA,NA,NA,0.12,0.08765,0.060025,NA,NA,0.079025,0.053475,0.025125,NA,NA,0.0487,0.0254,0.000225,NA,NA,NA,NA,NA,NA,NA,NA,NA,NA,NA,NA,0.04075,0,0,NA,NA,0,0,0,NA,NA,0,0,0,NA,NA,NA,NA,NA,NA,NA,NA,NA,NA,NA,NA
58,NC3bis,10,0.005,0.4845,0.481775,0.521525,NA,NA,0.47855,0.483875,0.562575,NA,NA,0.562225,0.56315,0.616975,NA,NA,NA,NA,NA,NA,NA,NA,NA,NA,NA,NA,0.472625,0.469725,0.50025,NA,NA,0.4708,0.465775,0.52965,NA,NA,0.540125,0.5319,0.571375,NA,NA,NA,NA,NA,NA,NA,NA,NA,NA,NA,NA,0.441575,0.433725,0.45425,NA,NA,0.429875,0.42025,0.4556,NA,NA,0.459475,0.452525,0.4657,NA,NA,NA,NA,NA,NA,NA,NA,NA,NA,NA,NA,0.34455,0.31095,0.29235,NA,NA,0.304475,0.273475,0.25955,NA,NA,0.28185,0.2545,0.227225,NA,NA,NA,NA,NA,NA,NA,NA,NA,NA,NA,NA,0.2059,0.1508,0.1147,NA,NA,0.147625,0.09315,0.047725,NA,NA,0.094625,0.049425,0.001475,NA,NA,NA,NA,NA,NA,NA,NA,NA,NA,NA,NA,0.0752,2.50E-05,0,NA,NA,0,0,0,NA,NA,0,0,0,NA,NA,NA,NA,NA,NA,NA,NA,NA,NA,NA,NA
59,NC3bis,11,0.0075,0.46775,0.467,0.50125,NA,NA,0.4684,0.46945,0.544475,NA,NA,0.559825,0.5577,0.60895,NA,NA,NA,NA,NA,NA,NA,NA,NA,NA,NA,NA,0.468925,0.46395,0.49055,NA,NA,0.462475,0.453925,0.523375,NA,NA,0.535525,0.528175,0.576275,NA,NA,NA,NA,NA,NA,NA,NA,NA,NA,NA,NA,0.462825,0.452875,0.460625,NA,NA,0.454225,0.43285,0.47455,NA,NA,0.49175,0.4762,0.506225,NA,NA,NA,NA,NA,NA,NA,NA,NA,NA,NA,NA,0.390525,0.3593,0.343675,NA,NA,0.3628,0.327275,0.313375,NA,NA,0.344375,0.30745,0.2778,NA,NA,NA,NA,NA,NA,NA,NA,NA,NA,NA,NA,0.2725,0.199575,0.13775,NA,NA,0.19495,0.125025,0.064075,NA,NA,0.1314,0.064075,0.001625,NA,NA,NA,NA,NA,NA,NA,NA,NA,NA,NA,NA,0.108275,0,0,NA,NA,0,0,0,NA,NA,0,0,0,NA,NA,NA,NA,NA,NA,NA,NA,NA,NA,NA,NA
60,NC3bis,12,0.01,0.464675,0.45505,0.48555,NA,NA,0.453325,0.445125,0.5224,NA,NA,0.534825,0.532275,0.58615,NA,NA,NA,NA,NA,NA,NA,NA,NA,NA,NA,NA,0.464175,0.45975,0.47185,NA,NA,0.4505,0.4325,0.508725,NA,NA,0.524525,0.51685,0.559,NA,NA,NA,NA,NA,NA,NA,NA,NA,NA,NA,NA,0.467575,0.457475,0.464675,NA,NA,0.4401,0.42665,0.476425,NA,NA,0.493075,0.4778,0.501325,NA,NA,NA,NA,NA,NA,NA,NA,NA,NA,NA,NA,0.42775,0.392975,0.3729,NA,NA,0.381725,0.35305,0.3354,NA,NA,0.3745,0.3379,0.307925,NA,NA,NA,NA,NA,NA,NA,NA,NA,NA,NA,NA,0.317325,0.242975,0.1756,NA,NA,0.230575,0.1538,0.082975,NA,NA,0.153825,0.075575,0.0014,NA,NA,NA,NA,NA,NA,NA,NA,NA,NA,NA,NA,0.136275,0.0015,0,NA,NA,0,0,0,NA,NA,0,0,0,NA,NA,NA,NA,NA,NA,NA,NA,NA,NA,NA,NA
61,NC3bis,13,0.0125,0.446,0.43715,0.453425,NA,NA,0.42185,0.416275,0.48525,NA,NA,0.494625,0.481525,0.5288,NA,NA,NA,NA,NA,NA,NA,NA,NA,NA,NA,NA,0.4502,0.4371,0.454025,NA,NA,0.4199,0.400725,0.472375,NA,NA,0.4784,0.46965,0.51075,NA,NA,NA,NA,NA,NA,NA,NA,NA,NA,NA,NA,0.46035,0.42725,0.44505,NA,NA,0.42085,0.39365,0.445075,NA,NA,0.45815,0.442425,0.462275,NA,NA,NA,NA,NA,NA,NA,NA,NA,NA,NA,NA,0.44115,0.398175,0.3819,NA,NA,0.377025,0.3443,0.341025,NA,NA,0.37125,0.329725,0.31135,NA,NA,NA,NA,NA,NA,NA,NA,NA,NA,NA,NA,0.342775,0.263125,0.195975,NA,NA,0.242375,0.169275,0.085375,NA,NA,0.1708,0.081825,0.0025,NA,NA,NA,NA,NA,NA,NA,NA,NA,NA,NA,NA,0.16115,0.001575,0,NA,NA,0,0,0,NA,NA,0,0,0,NA,NA,NA,NA,NA,NA,NA,NA,NA,NA,NA,NA
62,NC3bis,14,0.015,0.4308,0.4187,0.42865,NA,NA,0.40185,0.3847,0.4546,NA,NA,0.461525,0.444975,0.484725,NA,NA,NA,NA,NA,NA,NA,NA,NA,NA,NA,NA,0.441575,0.41915,0.42685,NA,NA,0.40195,0.373675,0.4387,NA,NA,0.444975,0.43055,0.4631,NA,NA,NA,NA,NA,NA,NA,NA,NA,NA,NA,NA,0.450075,0.412725,0.42305,NA,NA,0.39485,0.371575,0.412625,NA,NA,0.431,0.405325,0.4269,NA,NA,NA,NA,NA,NA,NA,NA,NA,NA,NA,NA,0.4399,0.391675,0.36885,NA,NA,0.3738,0.339275,0.33115,NA,NA,0.352675,0.320725,0.298225,NA,NA,NA,NA,NA,NA,NA,NA,NA,NA,NA,NA,0.36585,0.278075,0.195525,NA,NA,0.2578,0.180675,0.0924,NA,NA,0.170075,0.0875,0.002325,NA,NA,NA,NA,NA,NA,NA,NA,NA,NA,NA,NA,0.1794,3.00E-04,0,NA,NA,0,0,0,NA,NA,0,0,0,NA,NA,NA,NA,NA,NA,NA,NA,NA,NA,NA,NA
63,NC3bis,15,0.0175,0.4177,0.394975,0.3894,NA,NA,0.371025,0.349,0.4005,NA,NA,0.406275,0.391375,0.42565,NA,NA,NA,NA,NA,NA,NA,NA,NA,NA,NA,NA,0.42355,0.398725,0.39015,NA,NA,0.369,0.34585,0.39025,NA,NA,0.390525,0.381425,0.41105,NA,NA,NA,NA,NA,NA,NA,NA,NA,NA,NA,NA,0.42945,0.389,0.3815,NA,NA,0.365075,0.33375,0.373375,NA,NA,0.3762,0.364025,0.384325,NA,NA,NA,NA,NA,NA,NA,NA,NA,NA,NA,NA,0.430125,0.36925,0.339925,NA,NA,0.3533,0.315825,0.306875,NA,NA,0.3221,0.295475,0.277875,NA,NA,NA,NA,NA,NA,NA,NA,NA,NA,NA,NA,0.36705,0.272675,0.192875,NA,NA,0.2582,0.174575,0.0912,NA,NA,0.1666,0.08665,0.0026,NA,NA,NA,NA,NA,NA,NA,NA,NA,NA,NA,NA,0.1968,2.50E-05,0,NA,NA,0,0,0,NA,NA,0,0,0,NA,NA,NA,NA,NA,NA,NA,NA,NA,NA,NA,NA
64,NC3bis,16,0.02,0.402875,0.383725,0.3653,NA,NA,0.360625,0.330775,0.3686,NA,NA,0.385825,0.36535,0.394125,NA,NA,NA,NA,NA,NA,NA,NA,NA,NA,NA,NA,0.413725,0.378175,0.360675,NA,NA,0.3542,0.321275,0.3621,NA,NA,0.3785,0.357675,0.372275,NA,NA,NA,NA,NA,NA,NA,NA,NA,NA,NA,NA,0.42155,0.366375,0.3467,NA,NA,0.350525,0.316275,0.3424,NA,NA,0.362125,0.333175,0.34485,NA,NA,NA,NA,NA,NA,NA,NA,NA,NA,NA,NA,0.428225,0.352925,0.3155,NA,NA,0.342,0.301925,0.2916,NA,NA,0.3133,0.2725,0.250325,NA,NA,NA,NA,NA,NA,NA,NA,NA,NA,NA,NA,0.3893,0.268425,0.192975,NA,NA,0.260825,0.1789,0.10105,NA,NA,0.16845,0.089325,0.00205,NA,NA,NA,NA,NA,NA,NA,NA,NA,NA,NA,NA,0.2137,0,0,NA,NA,0,0,0,NA,NA,0,0,0,NA,NA,NA,NA,NA,NA,NA,NA,NA,NA,NA,NA
65,NC3bis,17,0.025,0.379075,0.35105,0.321275,NA,NA,0.3183,0.282125,0.30525,NA,NA,0.315325,0.295925,0.287725,NA,NA,NA,NA,NA,NA,NA,NA,NA,NA,NA,NA,0.387325,0.346825,0.324225,NA,NA,0.315925,0.270275,0.296175,NA,NA,0.3063,0.280125,0.27765,NA,NA,NA,NA,NA,NA,NA,NA,NA,NA,NA,NA,0.3966,0.3391,0.314125,NA,NA,0.31445,0.25995,0.276175,NA,NA,0.295825,0.2612,0.2523,NA,NA,NA,NA,NA,NA,NA,NA,NA,NA,NA,NA,0.40945,0.328225,0.291575,NA,NA,0.31195,0.254025,0.23105,NA,NA,0.259625,0.230425,0.192275,NA,NA,NA,NA,NA,NA,NA,NA,NA,NA,NA,NA,0.39855,0.2729,0.1911,NA,NA,0.260575,0.164475,0.089475,NA,NA,0.15485,0.08305,0.001575,NA,NA,NA,NA,NA,NA,NA,NA,NA,NA,NA,NA,0.2432,0.002525,0,NA,NA,0,0,0,NA,NA,0,0,0,NA,NA,NA,NA,NA,NA,NA,NA,NA,NA,NA,NA
66,NC3bis,18,0.03,0.3405,0.3076,0.247475,NA,NA,0.275125,0.230625,0.22515,NA,NA,0.256125,0.2294,0.222375,NA,NA,NA,NA,NA,NA,NA,NA,NA,NA,NA,NA,0.353875,0.30455,0.240075,NA,NA,0.26455,0.220075,0.21555,NA,NA,0.2498,0.2223,0.213575,NA,NA,NA,NA,NA,NA,NA,NA,NA,NA,NA,NA,0.37275,0.295025,0.231375,NA,NA,0.26105,0.2105,0.2022,NA,NA,0.236825,0.205075,0.1988,NA,NA,NA,NA,NA,NA,NA,NA,NA,NA,NA,NA,0.393425,0.2742,0.210375,NA,NA,0.260975,0.212525,0.179,NA,NA,0.209125,0.176475,0.152575,NA,NA,NA,NA,NA,NA,NA,NA,NA,NA,NA,NA,0.378525,0.226075,0.148975,NA,NA,0.2253,0.15385,0.07505,NA,NA,0.136625,0.07195,0.004425,NA,NA,NA,NA,NA,NA,NA,NA,NA,NA,NA,NA,0.25075,7.50E-05,0,NA,NA,0,0,0,NA,NA,0,0,0,NA,NA,NA,NA,NA,NA,NA,NA,NA,NA,NA,NA
67,NC3bis,19,0.035,0.322975,0.29635,0.235075,NA,NA,0.255,0.20815,0.203575,NA,NA,0.2297,0.196375,0.1852,NA,NA,NA,NA,NA,NA,NA,NA,NA,NA,NA,NA,0.344725,0.29155,0.22645,NA,NA,0.255975,0.1983,0.189125,NA,NA,0.224975,0.1889,0.179525,NA,NA,NA,NA,NA,NA,NA,NA,NA,NA,NA,NA,0.363125,0.2813,0.21415,NA,NA,0.254625,0.188825,0.177075,NA,NA,0.21375,0.17605,0.162425,NA,NA,NA,NA,NA,NA,NA,NA,NA,NA,NA,NA,0.38275,0.265175,0.191525,NA,NA,0.2505,0.1832,0.1558,NA,NA,0.194375,0.150275,0.126325,NA,NA,NA,NA,NA,NA,NA,NA,NA,NA,NA,NA,0.372975,0.233475,0.143475,NA,NA,0.231575,0.1419,0.073425,NA,NA,0.131675,0.070675,0.00505,NA,NA,NA,NA,NA,NA,NA,NA,NA,NA,NA,NA,0.258325,0.00235,0,NA,NA,0,0,0,NA,NA,0,0,0,NA,NA,NA,NA,NA,NA,NA,NA,NA,NA,NA,NA
68,NC3bis,20,0.04,0.299,0.265925,0.2151,NA,NA,0.205275,0.1686,0.1634,NA,NA,0.16215,0.14455,0.134475,NA,NA,NA,NA,NA,NA,NA,NA,NA,NA,NA,NA,0.30615,0.2661,0.209725,NA,NA,0.199925,0.1596,0.15155,NA,NA,0.154075,0.137775,0.12615,NA,NA,NA,NA,NA,NA,NA,NA,NA,NA,NA,NA,0.328425,0.257875,0.201,NA,NA,0.195675,0.14775,0.14115,NA,NA,0.14895,0.124175,0.108175,NA,NA,NA,NA,NA,NA,NA,NA,NA,NA,NA,NA,0.352775,0.24685,0.1901,NA,NA,0.194,0.138775,0.112875,NA,NA,0.127975,0.10225,0.084375,NA,NA,NA,NA,NA,NA,NA,NA,NA,NA,NA,NA,0.353325,0.225675,0.146025,NA,NA,0.1724,0.10945,0.054025,NA,NA,0.095425,0.05015,0.002175,NA,NA,NA,NA,NA,NA,NA,NA,NA,NA,NA,NA,0.260675,0.0032,0,NA,NA,0,0,0,NA,NA,0,0,0,NA,NA,NA,NA,NA,NA,NA,NA,NA,NA,NA,NA
69,NC3bis,21,0.045,0.281725,0.231975,0.16755,NA,NA,0.188825,0.142825,0.11825,NA,NA,0.142675,0.112075,0.0961,NA,NA,NA,NA,NA,NA,NA,NA,NA,NA,NA,NA,0.292775,0.230825,0.1588,NA,NA,0.18705,0.129125,0.1075,NA,NA,0.137625,0.10445,0.084525,NA,NA,NA,NA,NA,NA,NA,NA,NA,NA,NA,NA,0.322125,0.22295,0.1513,NA,NA,0.1877,0.1185,0.098525,NA,NA,0.1347,0.0928,0.074775,NA,NA,NA,NA,NA,NA,NA,NA,NA,NA,NA,NA,0.340425,0.200725,0.13825,NA,NA,0.1781,0.110325,0.084525,NA,NA,0.116575,0.08115,0.055425,NA,NA,NA,NA,NA,NA,NA,NA,NA,NA,NA,NA,0.346675,0.1802,0.112275,NA,NA,0.1707,0.0866,0.044275,NA,NA,0.0883,0.039775,0.001525,NA,NA,NA,NA,NA,NA,NA,NA,NA,NA,NA,NA,0.26615,0.001075,0,NA,NA,0,0,0,NA,NA,0,0,0,NA,NA,NA,NA,NA,NA,NA,NA,NA,NA,NA,NA
70,NC3bis,22,0.05,0.2543,0.2101,0.1346,NA,NA,0.16995,0.119525,0.087075,NA,NA,0.1318,0.09675,0.070375,NA,NA,NA,NA,NA,NA,NA,NA,NA,NA,NA,NA,0.273775,0.205225,0.12635,NA,NA,0.168975,0.109,0.07795,NA,NA,0.12945,0.088,0.064675,NA,NA,NA,NA,NA,NA,NA,NA,NA,NA,NA,NA,0.291975,0.185725,0.11425,NA,NA,0.167775,0.100275,0.0677,NA,NA,0.12565,0.08125,0.055275,NA,NA,NA,NA,NA,NA,NA,NA,NA,NA,NA,NA,0.319075,0.16725,0.1003,NA,NA,0.163825,0.092875,0.0552,NA,NA,0.1117,0.06535,0.04375,NA,NA,NA,NA,NA,NA,NA,NA,NA,NA,NA,NA,0.3303,0.150725,0.0791,NA,NA,0.158975,0.0804,0.0297,NA,NA,0.0887,0.0335,0.001925,NA,NA,NA,NA,NA,NA,NA,NA,NA,NA,NA,NA,0.262125,0.00025,0,NA,NA,0,0,0,NA,NA,0,0,0,NA,NA,NA,NA,NA,NA,NA,NA,NA,NA,NA,NA
71,NC3bis,23,0.055,0.233625,0.194725,0.118875,NA,NA,0.139225,0.096225,0.073725,NA,NA,0.0845,0.06525,0.05235,NA,NA,NA,NA,NA,NA,NA,NA,NA,NA,NA,NA,0.257,0.1912,0.111,NA,NA,0.135075,0.089175,0.06275,NA,NA,0.07895,0.061125,0.0468,NA,NA,NA,NA,NA,NA,NA,NA,NA,NA,NA,NA,0.279125,0.17735,0.101425,NA,NA,0.127525,0.079325,0.056675,NA,NA,0.07355,0.05665,0.041325,NA,NA,NA,NA,NA,NA,NA,NA,NA,NA,NA,NA,0.30335,0.151175,0.086825,NA,NA,0.118475,0.07395,0.04375,NA,NA,0.0638,0.049325,0.03125,NA,NA,NA,NA,NA,NA,NA,NA,NA,NA,NA,NA,0.316375,0.135175,0.068725,NA,NA,0.11125,0.064375,0.025725,NA,NA,0.050125,0.02735,0.000525,NA,NA,NA,NA,NA,NA,NA,NA,NA,NA,NA,NA,0.260475,2.00E-04,0,NA,NA,0,0,0,NA,NA,0,0,0,NA,NA,NA,NA,NA,NA,NA,NA,NA,NA,NA,NA
72,NC3bis,24,0.06,0.223375,0.177075,0.097225,NA,NA,0.124725,0.0829,0.055725,NA,NA,0.067675,0.049225,0.036575,NA,NA,NA,NA,NA,NA,NA,NA,NA,NA,NA,NA,0.24245,0.17165,0.090075,NA,NA,0.121575,0.071475,0.0476,NA,NA,0.062925,0.044525,0.033425,NA,NA,NA,NA,NA,NA,NA,NA,NA,NA,NA,NA,0.267375,0.158225,0.07925,NA,NA,0.113475,0.064275,0.0408,NA,NA,0.0611,0.0399,0.0286,NA,NA,NA,NA,NA,NA,NA,NA,NA,NA,NA,NA,0.29625,0.1298,0.065925,NA,NA,0.10975,0.0588,0.0331,NA,NA,0.053375,0.0328,0.02095,NA,NA,NA,NA,NA,NA,NA,NA,NA,NA,NA,NA,0.3025,0.114075,0.0542,NA,NA,0.1002,0.04695,0.01775,NA,NA,0.0431,0.021575,0.000675,NA,NA,NA,NA,NA,NA,NA,NA,NA,NA,NA,NA,0.2613,0.000975,0,NA,NA,0,0,0,NA,NA,0,0,0,NA,NA,NA,NA,NA,NA,NA,NA,NA,NA,NA,NA
73,NC4bis,1,0,0,0,0,NA,NA,0,0,0,NA,NA,0,0,0,NA,NA,NA,NA,NA,NA,NA,NA,NA,NA,NA,NA,0,0,0,NA,NA,0,0,0,NA,NA,0,0,0,NA,NA,NA,NA,NA,NA,NA,NA,NA,NA,NA,NA,0,0,0,NA,NA,0,0,0,NA,NA,0,0,0,NA,NA,NA,NA,NA,NA,NA,NA,NA,NA,NA,NA,0,0,0,NA,NA,0,0,0,NA,NA,0,0,0,NA,NA,NA,NA,NA,NA,NA,NA,NA,NA,NA,NA,0,0,0,NA,NA,0,0,0,NA,NA,0,0,0,NA,NA,NA,NA,NA,NA,NA,NA,NA,NA,NA,NA,0,0,0,NA,NA,0,0,0,NA,NA,0,0,0,NA,NA,NA,NA,NA,NA,NA,NA,NA,NA,NA,NA
74,NC4bis,2,1.00E-05,0.003825,0.00405,0.004725,NA,NA,0.004325,0.003725,0.004425,NA,NA,0.004275,0.003825,0.004,NA,NA,NA,NA,NA,NA,NA,NA,NA,NA,NA,NA,0.00235,0.002525,0.0029,NA,NA,0.00245,0.002625,0.00275,NA,NA,0.003,0.002575,0.0025,NA,NA,NA,NA,NA,NA,NA,NA,NA,NA,NA,NA,0.0017,0.00125,0.001175,NA,NA,0.000975,0.00145,0.001525,NA,NA,0.00105,0.001425,0.001525,NA,NA,NA,NA,NA,NA,NA,NA,NA,NA,NA,NA,0,0,0,NA,NA,0,0,0,NA,NA,0,0,0,NA,NA,NA,NA,NA,NA,NA,NA,NA,NA,NA,NA,0,0,0,NA,NA,0,0,0,NA,NA,0,0,0,NA,NA,NA,NA,NA,NA,NA,NA,NA,NA,NA,NA,0,0,0,NA,NA,0,0,0,NA,NA,0,0,0,NA,NA,NA,NA,NA,NA,NA,NA,NA,NA,NA,NA
75,NC4bis,3,5.00E-05,0.022325,0.02165,0.02395,NA,NA,0.021925,0.0237,0.019625,NA,NA,0.0233,0.022625,0.0207,NA,NA,NA,NA,NA,NA,NA,NA,NA,NA,NA,NA,0.01695,0.01655,0.01585,NA,NA,0.0164,0.014575,0.01675,NA,NA,0.014775,0.0148,0.014125,NA,NA,NA,NA,NA,NA,NA,NA,NA,NA,NA,NA,0.0105,0.01185,0.011275,NA,NA,0.01065,0.00895,0.01005,NA,NA,0.0112,0.009925,0.0083,NA,NA,NA,NA,NA,NA,NA,NA,NA,NA,NA,NA,0.0051,0.003375,0.003725,NA,NA,0.00375,0.004075,0.003125,NA,NA,0.004375,0.002775,0.002725,NA,NA,NA,NA,NA,NA,NA,NA,NA,NA,NA,NA,0.0021,0.0012,0,NA,NA,0.0013,0,0,NA,NA,0,0,0,NA,NA,NA,NA,NA,NA,NA,NA,NA,NA,NA,NA,0,0,0,NA,NA,0,0,0,NA,NA,0,0,0,NA,NA,NA,NA,NA,NA,NA,NA,NA,NA,NA,NA
76,NC4bis,4,1.00E-04,0.04625,0.044375,0.044425,NA,NA,0.0448,0.04295,0.044825,NA,NA,0.0455,0.040775,0.042975,NA,NA,NA,NA,NA,NA,NA,NA,NA,NA,NA,NA,0.035775,0.03445,0.033375,NA,NA,0.032625,0.03085,0.031875,NA,NA,0.0307,0.029775,0.031775,NA,NA,NA,NA,NA,NA,NA,NA,NA,NA,NA,NA,0.023525,0.021275,0.021425,NA,NA,0.020575,0.019575,0.019425,NA,NA,0.01885,0.017675,0.01975,NA,NA,NA,NA,NA,NA,NA,NA,NA,NA,NA,NA,0.009625,0.0097,0.0084,NA,NA,0.009525,0.00765,0.006825,NA,NA,0.008175,0.006775,0.00555,NA,NA,NA,NA,NA,NA,NA,NA,NA,NA,NA,NA,0.0051,0.00265,0.001575,NA,NA,0.003175,0.000925,0,NA,NA,0.001175,0,0,NA,NA,NA,NA,NA,NA,NA,NA,NA,NA,NA,NA,0.001075,0,0,NA,NA,0,0,0,NA,NA,0,0,0,NA,NA,NA,NA,NA,NA,NA,NA,NA,NA,NA,NA
77,NC4bis,5,0.00025,0.107975,0.107875,0.104925,NA,NA,0.106475,0.1051,0.1049,NA,NA,0.1032,0.102325,0.100325,NA,NA,NA,NA,NA,NA,NA,NA,NA,NA,NA,NA,0.081625,0.0825,0.079875,NA,NA,0.0824,0.075575,0.077025,NA,NA,0.0754,0.07915,0.0741,NA,NA,NA,NA,NA,NA,NA,NA,NA,NA,NA,NA,0.054325,0.05385,0.0501,NA,NA,0.055375,0.049225,0.05065,NA,NA,0.0492,0.048075,0.04425,NA,NA,NA,NA,NA,NA,NA,NA,NA,NA,NA,NA,0.0269,0.023375,0.021525,NA,NA,0.022375,0.02045,0.016375,NA,NA,0.01965,0.018675,0.014725,NA,NA,NA,NA,NA,NA,NA,NA,NA,NA,NA,NA,0.011875,0.0089,0.00515,NA,NA,0.008175,0.00445,0.001525,NA,NA,0.00635,0.001475,0,NA,NA,NA,NA,NA,NA,NA,NA,NA,NA,NA,NA,0.00415,0,0,NA,NA,0,0,0,NA,NA,0,0,0,NA,NA,NA,NA,NA,NA,NA,NA,NA,NA,NA,NA
78,NC4bis,6,5.00E-04,0.19355,0.189375,0.1913,NA,NA,0.18415,0.183025,0.184775,NA,NA,0.19415,0.19285,0.18725,NA,NA,NA,NA,NA,NA,NA,NA,NA,NA,NA,NA,0.14855,0.150525,0.148425,NA,NA,0.14535,0.140525,0.143325,NA,NA,0.143025,0.13905,0.14105,NA,NA,NA,NA,NA,NA,NA,NA,NA,NA,NA,NA,0.106975,0.103975,0.095425,NA,NA,0.0987,0.095175,0.092725,NA,NA,0.097175,0.09235,0.08975,NA,NA,NA,NA,NA,NA,NA,NA,NA,NA,NA,NA,0.0535,0.046675,0.040625,NA,NA,0.046425,0.04205,0.035575,NA,NA,0.04155,0.035975,0.0294,NA,NA,NA,NA,NA,NA,NA,NA,NA,NA,NA,NA,0.02555,0.017975,0.011425,NA,NA,0.01555,0.0119,0.004425,NA,NA,0.011025,0.004325,0,NA,NA,NA,NA,NA,NA,NA,NA,NA,NA,NA,NA,0.007925,0,0,NA,NA,0,0,0,NA,NA,0,0,0,NA,NA,NA,NA,NA,NA,NA,NA,NA,NA,NA,NA
79,NC4bis,7,0.00075,0.2559,0.249775,0.255075,NA,NA,0.250775,0.257675,0.257025,NA,NA,0.257775,0.252175,0.257025,NA,NA,NA,NA,NA,NA,NA,NA,NA,NA,NA,NA,0.206875,0.20335,0.20155,NA,NA,0.206575,0.2013,0.2015,NA,NA,0.202325,0.197975,0.19985,NA,NA,NA,NA,NA,NA,NA,NA,NA,NA,NA,NA,0.1505,0.1432,0.14285,NA,NA,0.1418,0.136125,0.134775,NA,NA,0.140275,0.13045,0.129975,NA,NA,NA,NA,NA,NA,NA,NA,NA,NA,NA,NA,0.0815,0.07235,0.062225,NA,NA,0.064775,0.05905,0.05095,NA,NA,0.058425,0.050225,0.04635,NA,NA,NA,NA,NA,NA,NA,NA,NA,NA,NA,NA,0.03865,0.0272,0.0207,NA,NA,0.02435,0.016,0.0071,NA,NA,0.01635,0.007,0,NA,NA,NA,NA,NA,NA,NA,NA,NA,NA,NA,NA,0.012,0,0,NA,NA,0,0,0,NA,NA,0,0,0,NA,NA,NA,NA,NA,NA,NA,NA,NA,NA,NA,NA
80,NC4bis,8,0.001,0.312425,0.307625,0.3073,NA,NA,0.306625,0.302475,0.32195,NA,NA,0.31855,0.313625,0.323175,NA,NA,NA,NA,NA,NA,NA,NA,NA,NA,NA,NA,0.2573,0.255425,0.2549,NA,NA,0.253575,0.245175,0.25185,NA,NA,0.253875,0.2507,0.248,NA,NA,NA,NA,NA,NA,NA,NA,NA,NA,NA,NA,0.192825,0.18455,0.1785,NA,NA,0.179775,0.17385,0.169025,NA,NA,0.172325,0.167275,0.1604,NA,NA,NA,NA,NA,NA,NA,NA,NA,NA,NA,NA,0.102475,0.0915,0.08195,NA,NA,0.089125,0.076625,0.069625,NA,NA,0.07775,0.068675,0.062075,NA,NA,NA,NA,NA,NA,NA,NA,NA,NA,NA,NA,0.0502,0.0365,0.0247,NA,NA,0.03455,0.0209,0.010275,NA,NA,0.022825,0.0092,0,NA,NA,NA,NA,NA,NA,NA,NA,NA,NA,NA,NA,0.015425,0,0,NA,NA,0,0,0,NA,NA,0,0,0,NA,NA,NA,NA,NA,NA,NA,NA,NA,NA,NA,NA
81,NC4bis,9,0.0025,0.4553,0.4525,0.47265,NA,NA,0.45025,0.447725,0.498675,NA,NA,0.5034,0.50045,0.52585,NA,NA,NA,NA,NA,NA,NA,NA,NA,NA,NA,NA,0.417125,0.41305,0.422775,NA,NA,0.407425,0.405275,0.43565,NA,NA,0.446075,0.438275,0.45175,NA,NA,NA,NA,NA,NA,NA,NA,NA,NA,NA,NA,0.3483,0.334375,0.338575,NA,NA,0.329325,0.3224,0.33055,NA,NA,0.336325,0.33235,0.331575,NA,NA,NA,NA,NA,NA,NA,NA,NA,NA,NA,NA,0.222525,0.2008,0.1865,NA,NA,0.1921,0.1757,0.159625,NA,NA,0.17545,0.154,0.135525,NA,NA,NA,NA,NA,NA,NA,NA,NA,NA,NA,NA,0.11765,0.090925,0.061175,NA,NA,0.08115,0.051375,0.0269,NA,NA,0.0533,0.0243,0.00015,NA,NA,NA,NA,NA,NA,NA,NA,NA,NA,NA,NA,0.0399,7.50E-05,0,NA,NA,0,0,0,NA,NA,0,0,0,NA,NA,NA,NA,NA,NA,NA,NA,NA,NA,NA,NA
82,NC4bis,10,0.005,0.4788,0.4802,0.51955,NA,NA,0.48125,0.481725,0.56205,NA,NA,0.5665,0.5687,0.620975,NA,NA,NA,NA,NA,NA,NA,NA,NA,NA,NA,NA,0.47765,0.4767,0.502375,NA,NA,0.466575,0.461725,0.531025,NA,NA,0.5315,0.531575,0.5713,NA,NA,NA,NA,NA,NA,NA,NA,NA,NA,NA,NA,0.446275,0.4336,0.4516,NA,NA,0.4289,0.4201,0.45575,NA,NA,0.4587,0.455075,0.469875,NA,NA,NA,NA,NA,NA,NA,NA,NA,NA,NA,NA,0.34195,0.31005,0.289225,NA,NA,0.299225,0.275575,0.25755,NA,NA,0.279675,0.256225,0.229125,NA,NA,NA,NA,NA,NA,NA,NA,NA,NA,NA,NA,0.2107,0.1535,0.108225,NA,NA,0.14515,0.0967,0.048775,NA,NA,0.092875,0.04575,0.001875,NA,NA,NA,NA,NA,NA,NA,NA,NA,NA,NA,NA,0.07535,2.50E-05,0,NA,NA,0,0,0,NA,NA,0,0,0,NA,NA,NA,NA,NA,NA,NA,NA,NA,NA,NA,NA
83,NC4bis,11,0.0075,0.47975,0.475975,0.50445,NA,NA,0.4738,0.4625,0.556825,NA,NA,0.556,0.553275,0.61035,NA,NA,NA,NA,NA,NA,NA,NA,NA,NA,NA,NA,0.47785,0.4704,0.503125,NA,NA,0.465725,0.454525,0.53005,NA,NA,0.5345,0.5299,0.57885,NA,NA,NA,NA,NA,NA,NA,NA,NA,NA,NA,NA,0.468025,0.45725,0.4737,NA,NA,0.451775,0.4373,0.4834,NA,NA,0.4946,0.475575,0.498875,NA,NA,NA,NA,NA,NA,NA,NA,NA,NA,NA,NA,0.400975,0.36975,0.350975,NA,NA,0.361325,0.327125,0.3063,NA,NA,0.336875,0.3025,0.277575,NA,NA,NA,NA,NA,NA,NA,NA,NA,NA,NA,NA,0.27065,0.2074,0.1479,NA,NA,0.193675,0.12885,0.06435,NA,NA,0.12555,0.058775,0.001625,NA,NA,NA,NA,NA,NA,NA,NA,NA,NA,NA,NA,0.10465,0,0,NA,NA,0,0,0,NA,NA,0,0,0,NA,NA,NA,NA,NA,NA,NA,NA,NA,NA,NA,NA
84,NC4bis,12,0.01,0.458325,0.45915,0.482625,NA,NA,0.450375,0.436275,0.51665,NA,NA,0.525575,0.5232,0.576225,NA,NA,NA,NA,NA,NA,NA,NA,NA,NA,NA,NA,0.47235,0.45195,0.4766,NA,NA,0.4364,0.433825,0.514275,NA,NA,0.516225,0.508225,0.548425,NA,NA,NA,NA,NA,NA,NA,NA,NA,NA,NA,NA,0.462475,0.4456,0.4628,NA,NA,0.435525,0.42125,0.470475,NA,NA,0.483125,0.4677,0.49145,NA,NA,NA,NA,NA,NA,NA,NA,NA,NA,NA,NA,0.4285,0.394625,0.37005,NA,NA,0.383075,0.35175,0.335775,NA,NA,0.360225,0.32905,0.30435,NA,NA,NA,NA,NA,NA,NA,NA,NA,NA,NA,NA,0.3188,0.23525,0.166975,NA,NA,0.23035,0.15515,0.0786,NA,NA,0.14545,0.0705,0.002875,NA,NA,NA,NA,NA,NA,NA,NA,NA,NA,NA,NA,0.136275,7.50E-05,0,NA,NA,0,0,0,NA,NA,0,0,0,NA,NA,NA,NA,NA,NA,NA,NA,NA,NA,NA,NA
85,NC4bis,13,0.0125,0.454575,0.4386,0.46635,NA,NA,0.428575,0.41555,0.49465,NA,NA,0.498175,0.482875,0.53435,NA,NA,NA,NA,NA,NA,NA,NA,NA,NA,NA,NA,0.452275,0.4501,0.45895,NA,NA,0.4219,0.41155,0.485225,NA,NA,0.49065,0.470125,0.51395,NA,NA,NA,NA,NA,NA,NA,NA,NA,NA,NA,NA,0.4597,0.435125,0.44935,NA,NA,0.4165,0.4011,0.45265,NA,NA,0.466575,0.4399,0.47135,NA,NA,NA,NA,NA,NA,NA,NA,NA,NA,NA,NA,0.44185,0.396575,0.3799,NA,NA,0.382875,0.35235,0.348,NA,NA,0.373075,0.332075,0.306875,NA,NA,NA,NA,NA,NA,NA,NA,NA,NA,NA,NA,0.34855,0.2677,0.196375,NA,NA,0.25105,0.167075,0.091225,NA,NA,0.165275,0.086375,0.001725,NA,NA,NA,NA,NA,NA,NA,NA,NA,NA,NA,NA,0.162975,0.00035,0,NA,NA,0,0,0,NA,NA,0,0,0,NA,NA,NA,NA,NA,NA,NA,NA,NA,NA,NA,NA
86,NC4bis,14,0.015,0.427425,0.417075,0.422775,NA,NA,0.39565,0.380875,0.43785,NA,NA,0.441075,0.438275,0.481275,NA,NA,NA,NA,NA,NA,NA,NA,NA,NA,NA,NA,0.431325,0.418175,0.414975,NA,NA,0.388925,0.372375,0.43,NA,NA,0.428225,0.422875,0.459375,NA,NA,NA,NA,NA,NA,NA,NA,NA,NA,NA,NA,0.445625,0.41605,0.405125,NA,NA,0.3855,0.368,0.403775,NA,NA,0.4077,0.39515,0.416575,NA,NA,NA,NA,NA,NA,NA,NA,NA,NA,NA,NA,0.4412,0.383,0.35635,NA,NA,0.3606,0.334575,0.324925,NA,NA,0.339125,0.31675,0.288,NA,NA,NA,NA,NA,NA,NA,NA,NA,NA,NA,NA,0.369325,0.26905,0.191825,NA,NA,0.247425,0.174225,0.0953,NA,NA,0.15935,0.0841,0.001175,NA,NA,NA,NA,NA,NA,NA,NA,NA,NA,NA,NA,0.180525,3.00E-04,0,NA,NA,0,0,0,NA,NA,0,0,0,NA,NA,NA,NA,NA,NA,NA,NA,NA,NA,NA,NA
87,NC4bis,15,0.0175,0.411575,0.398775,0.39965,NA,NA,0.376675,0.358875,0.404075,NA,NA,0.403475,0.40155,0.439625,NA,NA,NA,NA,NA,NA,NA,NA,NA,NA,NA,NA,0.42665,0.395875,0.383275,NA,NA,0.368,0.34775,0.3934,NA,NA,0.395525,0.38815,0.415175,NA,NA,NA,NA,NA,NA,NA,NA,NA,NA,NA,NA,0.435225,0.38845,0.3797,NA,NA,0.364825,0.342925,0.371525,NA,NA,0.380725,0.36955,0.39105,NA,NA,NA,NA,NA,NA,NA,NA,NA,NA,NA,NA,0.43395,0.374625,0.34535,NA,NA,0.34975,0.322425,0.301175,NA,NA,0.322075,0.301925,0.2814,NA,NA,NA,NA,NA,NA,NA,NA,NA,NA,NA,NA,0.373,0.275025,0.20075,NA,NA,0.259,0.185825,0.09365,NA,NA,0.16415,0.09185,0.002275,NA,NA,NA,NA,NA,NA,NA,NA,NA,NA,NA,NA,0.195875,2.50E-05,0,NA,NA,0,0,0,NA,NA,0,0,0,NA,NA,NA,NA,NA,NA,NA,NA,NA,NA,NA,NA
88,NC4bis,16,0.02,0.4069,0.37705,0.36175,NA,NA,0.36885,0.3334,0.374775,NA,NA,0.39805,0.376425,0.39475,NA,NA,NA,NA,NA,NA,NA,NA,NA,NA,NA,NA,0.41015,0.377225,0.360825,NA,NA,0.35695,0.326325,0.359325,NA,NA,0.39075,0.362575,0.383075,NA,NA,NA,NA,NA,NA,NA,NA,NA,NA,NA,NA,0.422575,0.37305,0.355575,NA,NA,0.359075,0.31895,0.34355,NA,NA,0.36985,0.346175,0.35615,NA,NA,NA,NA,NA,NA,NA,NA,NA,NA,NA,NA,0.427325,0.34975,0.322225,NA,NA,0.347675,0.31275,0.28325,NA,NA,0.319425,0.289,0.260475,NA,NA,NA,NA,NA,NA,NA,NA,NA,NA,NA,NA,0.390025,0.274175,0.20215,NA,NA,0.2624,0.18255,0.09405,NA,NA,0.177,0.1026,0.0058,NA,NA,NA,NA,NA,NA,NA,NA,NA,NA,NA,NA,0.215775,7.50E-05,0,NA,NA,0,0,0,NA,NA,0,0,0,NA,NA,NA,NA,NA,NA,NA,NA,NA,NA,NA,NA
89,NC4bis,17,0.025,0.380225,0.3546,0.328925,NA,NA,0.331375,0.284025,0.308575,NA,NA,0.3452,0.3146,0.308425,NA,NA,NA,NA,NA,NA,NA,NA,NA,NA,NA,NA,0.3918,0.3555,0.320475,NA,NA,0.3295,0.2773,0.303,NA,NA,0.3439,0.2997,0.2923,NA,NA,NA,NA,NA,NA,NA,NA,NA,NA,NA,NA,0.402,0.34175,0.310375,NA,NA,0.326225,0.264775,0.283675,NA,NA,0.329175,0.2817,0.2707,NA,NA,NA,NA,NA,NA,NA,NA,NA,NA,NA,NA,0.413975,0.330125,0.288825,NA,NA,0.31855,0.252675,0.24005,NA,NA,0.29265,0.236025,0.202625,NA,NA,NA,NA,NA,NA,NA,NA,NA,NA,NA,NA,0.396175,0.280225,0.1908,NA,NA,0.268725,0.167875,0.08875,NA,NA,0.1805,0.085875,0.0029,NA,NA,NA,NA,NA,NA,NA,NA,NA,NA,NA,NA,0.2412,0.0012,0,NA,NA,0,0,0,NA,NA,0,0,0,NA,NA,NA,NA,NA,NA,NA,NA,NA,NA,NA,NA
90,NC4bis,18,0.03,0.3495,0.314925,0.270075,NA,NA,0.283925,0.2376,0.2418,NA,NA,0.265975,0.229825,0.2245,NA,NA,NA,NA,NA,NA,NA,NA,NA,NA,NA,NA,0.359025,0.31475,0.266075,NA,NA,0.2745,0.22275,0.224075,NA,NA,0.26325,0.221375,0.21165,NA,NA,NA,NA,NA,NA,NA,NA,NA,NA,NA,NA,0.3736,0.3042,0.259,NA,NA,0.274475,0.211275,0.214125,NA,NA,0.256475,0.19995,0.197475,NA,NA,NA,NA,NA,NA,NA,NA,NA,NA,NA,NA,0.395525,0.294825,0.236425,NA,NA,0.2738,0.205675,0.180225,NA,NA,0.232175,0.1711,0.148775,NA,NA,NA,NA,NA,NA,NA,NA,NA,NA,NA,NA,0.385225,0.2516,0.167825,NA,NA,0.24165,0.143875,0.0755,NA,NA,0.15545,0.0685,0.002275,NA,NA,NA,NA,NA,NA,NA,NA,NA,NA,NA,NA,0.254275,0.000375,0,NA,NA,0,0,0,NA,NA,0,0,0,NA,NA,NA,NA,NA,NA,NA,NA,NA,NA,NA,NA
91,NC4bis,19,0.035,0.32735,0.2933,0.24435,NA,NA,0.2429,0.20125,0.205175,NA,NA,0.210175,0.18635,0.168625,NA,NA,NA,NA,NA,NA,NA,NA,NA,NA,NA,NA,0.3418,0.294875,0.2316,NA,NA,0.239375,0.1934,0.187975,NA,NA,0.2015,0.174175,0.1601,NA,NA,NA,NA,NA,NA,NA,NA,NA,NA,NA,NA,0.355575,0.2899,0.2263,NA,NA,0.2306,0.18065,0.1719,NA,NA,0.19435,0.161825,0.145925,NA,NA,NA,NA,NA,NA,NA,NA,NA,NA,NA,NA,0.3762,0.276675,0.20635,NA,NA,0.224975,0.16845,0.14475,NA,NA,0.172775,0.1401,0.111775,NA,NA,NA,NA,NA,NA,NA,NA,NA,NA,NA,NA,0.375125,0.2431,0.15395,NA,NA,0.207175,0.133975,0.0643,NA,NA,0.122625,0.0634,0.00195,NA,NA,NA,NA,NA,NA,NA,NA,NA,NA,NA,NA,0.258125,0.003475,0,NA,NA,0,0,0,NA,NA,0,0,0,NA,NA,NA,NA,NA,NA,NA,NA,NA,NA,NA,NA
92,NC4bis,20,0.04,0.298375,0.257525,0.1925,NA,NA,0.2046,0.166225,0.15395,NA,NA,0.156375,0.1412,0.1346,NA,NA,NA,NA,NA,NA,NA,NA,NA,NA,NA,NA,0.314125,0.251725,0.187525,NA,NA,0.197475,0.15945,0.141875,NA,NA,0.154275,0.135625,0.12185,NA,NA,NA,NA,NA,NA,NA,NA,NA,NA,NA,NA,0.332,0.244575,0.176625,NA,NA,0.19635,0.148825,0.13265,NA,NA,0.1515,0.12495,0.113575,NA,NA,NA,NA,NA,NA,NA,NA,NA,NA,NA,NA,0.3548,0.227175,0.15725,NA,NA,0.18775,0.14305,0.1089,NA,NA,0.1273,0.109575,0.089125,NA,NA,NA,NA,NA,NA,NA,NA,NA,NA,NA,NA,0.361,0.1977,0.12015,NA,NA,0.17295,0.11715,0.055925,NA,NA,0.0936,0.054975,0.002175,NA,NA,NA,NA,NA,NA,NA,NA,NA,NA,NA,NA,0.264325,0.000125,0,NA,NA,0,0,0,NA,NA,0,0,0,NA,NA,NA,NA,NA,NA,NA,NA,NA,NA,NA,NA
93,NC4bis,21,0.045,0.271175,0.241825,0.183875,NA,NA,0.180275,0.138325,0.14145,NA,NA,0.133,0.112625,0.100475,NA,NA,NA,NA,NA,NA,NA,NA,NA,NA,NA,NA,0.287775,0.233875,0.18335,NA,NA,0.17465,0.1329,0.12735,NA,NA,0.127325,0.100525,0.09375,NA,NA,NA,NA,NA,NA,NA,NA,NA,NA,NA,NA,0.3092,0.22545,0.174875,NA,NA,0.169375,0.118025,0.113575,NA,NA,0.123875,0.0951,0.081075,NA,NA,NA,NA,NA,NA,NA,NA,NA,NA,NA,NA,0.3349,0.206525,0.1673,NA,NA,0.165,0.11265,0.093575,NA,NA,0.111225,0.080775,0.059325,NA,NA,NA,NA,NA,NA,NA,NA,NA,NA,NA,NA,0.343175,0.1863,0.1344,NA,NA,0.15215,0.0949,0.047175,NA,NA,0.0847,0.0411,0.001275,NA,NA,NA,NA,NA,NA,NA,NA,NA,NA,NA,NA,0.27155,0.00305,0,NA,NA,0,0,0,NA,NA,0,0,0,NA,NA,NA,NA,NA,NA,NA,NA,NA,NA,NA,NA
94,NC4bis,22,0.05,0.25865,0.2185,0.1553,NA,NA,0.162575,0.11995,0.1067,NA,NA,0.108,0.0856,0.0737,NA,NA,NA,NA,NA,NA,NA,NA,NA,NA,NA,NA,0.2737,0.213525,0.14795,NA,NA,0.159875,0.1093,0.09475,NA,NA,0.10615,0.07885,0.066,NA,NA,NA,NA,NA,NA,NA,NA,NA,NA,NA,NA,0.29425,0.20615,0.139775,NA,NA,0.15045,0.099925,0.084825,NA,NA,0.099375,0.071125,0.05815,NA,NA,NA,NA,NA,NA,NA,NA,NA,NA,NA,NA,0.319125,0.18615,0.12645,NA,NA,0.15075,0.0925,0.0684,NA,NA,0.08995,0.0584,0.042025,NA,NA,NA,NA,NA,NA,NA,NA,NA,NA,NA,NA,0.325175,0.165475,0.104,NA,NA,0.138725,0.08285,0.0401,NA,NA,0.070725,0.030625,0.000825,NA,NA,NA,NA,NA,NA,NA,NA,NA,NA,NA,NA,0.259225,0.001525,0,NA,NA,0,0,0,NA,NA,0,0,0,NA,NA,NA,NA,NA,NA,NA,NA,NA,NA,NA,NA
95,NC4bis,23,0.055,0.236725,0.195625,0.123075,NA,NA,0.14215,0.0976,0.074525,NA,NA,0.0898,0.068425,0.05145,NA,NA,NA,NA,NA,NA,NA,NA,NA,NA,NA,NA,0.253075,0.187275,0.111575,NA,NA,0.140675,0.0908,0.0677,NA,NA,0.089725,0.0617,0.046625,NA,NA,NA,NA,NA,NA,NA,NA,NA,NA,NA,NA,0.273275,0.177325,0.105375,NA,NA,0.13395,0.08135,0.058675,NA,NA,0.0803,0.05705,0.0421,NA,NA,NA,NA,NA,NA,NA,NA,NA,NA,NA,NA,0.307625,0.153525,0.088975,NA,NA,0.127775,0.075475,0.045825,NA,NA,0.0747,0.048075,0.03275,NA,NA,NA,NA,NA,NA,NA,NA,NA,NA,NA,NA,0.3205,0.133925,0.072225,NA,NA,0.1211,0.066925,0.024825,NA,NA,0.058725,0.0284,0.001875,NA,NA,NA,NA,NA,NA,NA,NA,NA,NA,NA,NA,0.26085,0.000175,0,NA,NA,0,0,0,NA,NA,0,0,0,NA,NA,NA,NA,NA,NA,NA,NA,NA,NA,NA,NA
96,NC4bis,24,0.06,0.232775,0.182225,0.105075,NA,NA,0.135625,0.0871,0.0616,NA,NA,0.082325,0.056175,0.0408,NA,NA,NA,NA,NA,NA,NA,NA,NA,NA,NA,NA,0.24915,0.17675,0.099,NA,NA,0.128775,0.077725,0.05405,NA,NA,0.076525,0.0529,0.034125,NA,NA,NA,NA,NA,NA,NA,NA,NA,NA,NA,NA,0.268725,0.163875,0.084875,NA,NA,0.1244,0.068375,0.046675,NA,NA,0.074675,0.04525,0.0311,NA,NA,NA,NA,NA,NA,NA,NA,NA,NA,NA,NA,0.29535,0.138925,0.0744,NA,NA,0.122,0.060475,0.037275,NA,NA,0.064525,0.03855,0.021725,NA,NA,NA,NA,NA,NA,NA,NA,NA,NA,NA,NA,0.302575,0.12365,0.0607,NA,NA,0.118625,0.052675,0.019375,NA,NA,0.053075,0.02015,7.00E-04,NA,NA,NA,NA,NA,NA,NA,NA,NA,NA,NA,NA,0.2574,0.000675,0,NA,NA,0,0,0,NA,NA,0,0,0,NA,NA,NA,NA,NA,NA,NA,NA,NA,NA,NA,NA
97,NC5bis,1,0,0,0,0,NA,NA,0,0,0,NA,NA,0,0,0,NA,NA,NA,NA,NA,NA,NA,NA,NA,NA,NA,NA,0,0,0,NA,NA,0,0,0,NA,NA,0,0,0,NA,NA,NA,NA,NA,NA,NA,NA,NA,NA,NA,NA,0,0,0,NA,NA,0,0,0,NA,NA,0,0,0,NA,NA,NA,NA,NA,NA,NA,NA,NA,NA,NA,NA,0,0,0,NA,NA,0,0,0,NA,NA,0,0,0,NA,NA,NA,NA,NA,NA,NA,NA,NA,NA,NA,NA,0,0,0,NA,NA,0,0,0,NA,NA,0,0,0,NA,NA,NA,NA,NA,NA,NA,NA,NA,NA,NA,NA,0,0,0,NA,NA,0,0,0,NA,NA,0,0,0,NA,NA,NA,NA,NA,NA,NA,NA,NA,NA,NA,NA
98,NC5bis,2,1.00E-05,0.004125,0.003525,0.0039,NA,NA,0.0034,0.003925,0.004675,NA,NA,0.0033,0.0041,0.003775,NA,NA,NA,NA,NA,NA,NA,NA,NA,NA,NA,NA,0.0026,0.0022,0.002775,NA,NA,0.002975,0.002025,0.002225,NA,NA,0.0029,0.002125,0.0024,NA,NA,NA,NA,NA,NA,NA,NA,NA,NA,NA,NA,0.0015,0.0012,0.001525,NA,NA,0.00165,8.00E-04,0.001225,NA,NA,0.001375,0.00105,0.001275,NA,NA,NA,NA,NA,NA,NA,NA,NA,NA,NA,NA,0,0,0,NA,NA,0,0,0,NA,NA,0,0,0,NA,NA,NA,NA,NA,NA,NA,NA,NA,NA,NA,NA,0,0,0,NA,NA,0,0,0,NA,NA,0,0,0,NA,NA,NA,NA,NA,NA,NA,NA,NA,NA,NA,NA,0,0,0,NA,NA,0,0,0,NA,NA,0,0,0,NA,NA,NA,NA,NA,NA,NA,NA,NA,NA,NA,NA
99,NC5bis,3,5.00E-05,0.022375,0.023325,0.0215,NA,NA,0.0222,0.022,0.020675,NA,NA,0.0221,0.0214,0.02175,NA,NA,NA,NA,NA,NA,NA,NA,NA,NA,NA,NA,0.016775,0.018275,0.01565,NA,NA,0.016025,0.01445,0.016,NA,NA,0.017025,0.014925,0.015,NA,NA,NA,NA,NA,NA,NA,NA,NA,NA,NA,NA,0.0116,0.010925,0.00985,NA,NA,0.01075,0.0098,0.0085,NA,NA,0.008875,0.009425,0.00955,NA,NA,NA,NA,NA,NA,NA,NA,NA,NA,NA,NA,0.005625,0.003575,0.004275,NA,NA,0.003625,0.0043,0.00285,NA,NA,0.00445,0.003175,0.002375,NA,NA,NA,NA,NA,NA,NA,NA,NA,NA,NA,NA,0.0029,0.001425,0,NA,NA,0.001425,0,0,NA,NA,0,0,0,NA,NA,NA,NA,NA,NA,NA,NA,NA,NA,NA,NA,0,0,0,NA,NA,0,0,0,NA,NA,0,0,0,NA,NA,NA,NA,NA,NA,NA,NA,NA,NA,NA,NA
100,NC5bis,4,1.00E-04,0.04485,0.045725,0.0458,NA,NA,0.0441,0.045425,0.0432,NA,NA,0.04385,0.0425,0.044475,NA,NA,NA,NA,NA,NA,NA,NA,NA,NA,NA,NA,0.035875,0.0333,0.0309,NA,NA,0.03285,0.032375,0.0322,NA,NA,0.031925,0.03285,0.029225,NA,NA,NA,NA,NA,NA,NA,NA,NA,NA,NA,NA,0.0219,0.021725,0.02255,NA,NA,0.02125,0.018675,0.0194,NA,NA,0.019125,0.018625,0.01705,NA,NA,NA,NA,NA,NA,NA,NA,NA,NA,NA,NA,0.011125,0.009125,0.00725,NA,NA,0.00875,0.008575,0.006175,NA,NA,0.0081,0.00705,0.00585,NA,NA,NA,NA,NA,NA,NA,NA,NA,NA,NA,NA,0.005275,0.002625,0.001425,NA,NA,0.0022,0.0013,0,NA,NA,0.001225,0,0,NA,NA,NA,NA,NA,NA,NA,NA,NA,NA,NA,NA,0.001125,0,0,NA,NA,0,0,0,NA,NA,0,0,0,NA,NA,NA,NA,NA,NA,NA,NA,NA,NA,NA,NA
101,NC5bis,5,0.00025,0.10665,0.1032,0.10275,NA,NA,0.107525,0.103825,0.101975,NA,NA,0.1025,0.1049,0.105525,NA,NA,NA,NA,NA,NA,NA,NA,NA,NA,NA,NA,0.08215,0.0812,0.08085,NA,NA,0.0771,0.07605,0.07685,NA,NA,0.0774,0.0761,0.075325,NA,NA,NA,NA,NA,NA,NA,NA,NA,NA,NA,NA,0.05485,0.053225,0.049725,NA,NA,0.053475,0.049625,0.04935,NA,NA,0.0501,0.047025,0.045575,NA,NA,NA,NA,NA,NA,NA,NA,NA,NA,NA,NA,0.02975,0.0233,0.0211,NA,NA,0.02375,0.020075,0.017675,NA,NA,0.019625,0.017225,0.014575,NA,NA,NA,NA,NA,NA,NA,NA,NA,NA,NA,NA,0.0129,0.00725,0.0056,NA,NA,0.008,0.004775,0.001775,NA,NA,0.00495,0.002825,0,NA,NA,NA,NA,NA,NA,NA,NA,NA,NA,NA,NA,0.00415,0,0,NA,NA,0,0,0,NA,NA,0,0,0,NA,NA,NA,NA,NA,NA,NA,NA,NA,NA,NA,NA
102,NC5bis,6,5.00E-04,0.186475,0.1901,0.1916,NA,NA,0.19205,0.1869,0.1877,NA,NA,0.188775,0.1855,0.190875,NA,NA,NA,NA,NA,NA,NA,NA,NA,NA,NA,NA,0.15195,0.145525,0.1447,NA,NA,0.149325,0.143,0.141475,NA,NA,0.14295,0.143525,0.14335,NA,NA,NA,NA,NA,NA,NA,NA,NA,NA,NA,NA,0.1069,0.1012,0.0973,NA,NA,0.097475,0.09515,0.09375,NA,NA,0.09655,0.09145,0.087175,NA,NA,NA,NA,NA,NA,NA,NA,NA,NA,NA,NA,0.054325,0.049475,0.0428,NA,NA,0.045725,0.041575,0.03535,NA,NA,0.040425,0.03565,0.028225,NA,NA,NA,NA,NA,NA,NA,NA,NA,NA,NA,NA,0.027175,0.018675,0.01115,NA,NA,0.017075,0.011075,0.00555,NA,NA,0.011375,0.00415,0,NA,NA,NA,NA,NA,NA,NA,NA,NA,NA,NA,NA,0.008025,0,0,NA,NA,0,0,0,NA,NA,0,0,0,NA,NA,NA,NA,NA,NA,NA,NA,NA,NA,NA,NA
103,NC5bis,7,0.00075,0.263,0.255575,0.258325,NA,NA,0.2578,0.2541,0.25945,NA,NA,0.2588,0.258125,0.2612,NA,NA,NA,NA,NA,NA,NA,NA,NA,NA,NA,NA,0.208525,0.208375,0.204275,NA,NA,0.2044,0.199625,0.20225,NA,NA,0.2082,0.1967,0.199425,NA,NA,NA,NA,NA,NA,NA,NA,NA,NA,NA,NA,0.149175,0.1486,0.141225,NA,NA,0.1388,0.13745,0.133025,NA,NA,0.1359,0.1339,0.129475,NA,NA,NA,NA,NA,NA,NA,NA,NA,NA,NA,NA,0.07755,0.069325,0.062325,NA,NA,0.068775,0.061375,0.053625,NA,NA,0.0592,0.0511,0.044225,NA,NA,NA,NA,NA,NA,NA,NA,NA,NA,NA,NA,0.0389,0.0274,0.0177,NA,NA,0.025375,0.0158,0.009075,NA,NA,0.0153,0.0061,0,NA,NA,NA,NA,NA,NA,NA,NA,NA,NA,NA,NA,0.010975,0,0,NA,NA,0,0,0,NA,NA,0,0,0,NA,NA,NA,NA,NA,NA,NA,NA,NA,NA,NA,NA
104,NC5bis,8,0.001,0.302,0.302775,0.30675,NA,NA,0.305675,0.308275,0.3166,NA,NA,0.318275,0.312825,0.321975,NA,NA,NA,NA,NA,NA,NA,NA,NA,NA,NA,NA,0.25555,0.260325,0.249925,NA,NA,0.248675,0.24535,0.251025,NA,NA,0.257125,0.2489,0.2504,NA,NA,NA,NA,NA,NA,NA,NA,NA,NA,NA,NA,0.190575,0.17995,0.1773,NA,NA,0.1773,0.1706,0.167175,NA,NA,0.178425,0.167825,0.16795,NA,NA,NA,NA,NA,NA,NA,NA,NA,NA,NA,NA,0.099875,0.0899,0.0813,NA,NA,0.088225,0.0786,0.071475,NA,NA,0.079,0.06705,0.0586,NA,NA,NA,NA,NA,NA,NA,NA,NA,NA,NA,NA,0.0507,0.0354,0.023325,NA,NA,0.03225,0.023475,0.01005,NA,NA,0.0191,0.00915,0,NA,NA,NA,NA,NA,NA,NA,NA,NA,NA,NA,NA,0.015525,0,0,NA,NA,0,0,0,NA,NA,0,0,0,NA,NA,NA,NA,NA,NA,NA,NA,NA,NA,NA,NA
105,NC5bis,9,0.0025,0.4571,0.4471,0.4803,NA,NA,0.45685,0.44755,0.494225,NA,NA,0.505725,0.502475,0.52815,NA,NA,NA,NA,NA,NA,NA,NA,NA,NA,NA,NA,0.4196,0.413975,0.41965,NA,NA,0.4099,0.406225,0.4412,NA,NA,0.4495,0.436325,0.450825,NA,NA,NA,NA,NA,NA,NA,NA,NA,NA,NA,NA,0.34625,0.337825,0.33265,NA,NA,0.33015,0.32495,0.3291,NA,NA,0.335775,0.328875,0.32955,NA,NA,NA,NA,NA,NA,NA,NA,NA,NA,NA,NA,0.21505,0.19915,0.177375,NA,NA,0.1906,0.170675,0.153425,NA,NA,0.17275,0.1529,0.134575,NA,NA,NA,NA,NA,NA,NA,NA,NA,NA,NA,NA,0.11965,0.088025,0.059125,NA,NA,0.081275,0.0494,0.0245,NA,NA,0.0513,0.0268,5.00E-05,NA,NA,NA,NA,NA,NA,NA,NA,NA,NA,NA,NA,0.0413,0,0,NA,NA,0,0,0,NA,NA,0,0,0,NA,NA,NA,NA,NA,NA,NA,NA,NA,NA,NA,NA
106,NC5bis,10,0.005,0.48565,0.481425,0.516025,NA,NA,0.48235,0.48335,0.562775,NA,NA,0.565675,0.5672,0.618,NA,NA,NA,NA,NA,NA,NA,NA,NA,NA,NA,NA,0.470975,0.471725,0.49985,NA,NA,0.4704,0.4688,0.5304,NA,NA,0.5335,0.533725,0.572675,NA,NA,NA,NA,NA,NA,NA,NA,NA,NA,NA,NA,0.449075,0.43665,0.45415,NA,NA,0.436775,0.41885,0.4533,NA,NA,0.466,0.449475,0.467125,NA,NA,NA,NA,NA,NA,NA,NA,NA,NA,NA,NA,0.33725,0.31365,0.2907,NA,NA,0.3005,0.280225,0.2562,NA,NA,0.28575,0.2546,0.229075,NA,NA,NA,NA,NA,NA,NA,NA,NA,NA,NA,NA,0.207975,0.152325,0.11175,NA,NA,0.1459,0.093225,0.04945,NA,NA,0.09705,0.0458,0.0018,NA,NA,NA,NA,NA,NA,NA,NA,NA,NA,NA,NA,0.076275,7.50E-05,0,NA,NA,0,0,0,NA,NA,0,0,0,NA,NA,NA,NA,NA,NA,NA,NA,NA,NA,NA,NA
107,NC5bis,11,0.0075,0.471625,0.469225,0.50495,NA,NA,0.46265,0.471,0.552775,NA,NA,0.55905,0.555725,0.617825,NA,NA,NA,NA,NA,NA,NA,NA,NA,NA,NA,NA,0.4733,0.46755,0.50005,NA,NA,0.462475,0.458625,0.53385,NA,NA,0.536625,0.531625,0.580425,NA,NA,NA,NA,NA,NA,NA,NA,NA,NA,NA,NA,0.46695,0.454825,0.476925,NA,NA,0.445175,0.43645,0.48185,NA,NA,0.493525,0.476725,0.509775,NA,NA,NA,NA,NA,NA,NA,NA,NA,NA,NA,NA,0.40065,0.36585,0.3498,NA,NA,0.359475,0.3275,0.313275,NA,NA,0.338675,0.305775,0.286275,NA,NA,NA,NA,NA,NA,NA,NA,NA,NA,NA,NA,0.27265,0.2044,0.14905,NA,NA,0.18645,0.129375,0.067825,NA,NA,0.12255,0.063475,0.0043,NA,NA,NA,NA,NA,NA,NA,NA,NA,NA,NA,NA,0.10695,0.000175,0,NA,NA,0,0,0,NA,NA,0,0,0,NA,NA,NA,NA,NA,NA,NA,NA,NA,NA,NA,NA
108,NC5bis,12,0.01,0.4642,0.456875,0.480175,NA,NA,0.453375,0.437875,0.525825,NA,NA,0.54255,0.5276,0.585575,NA,NA,NA,NA,NA,NA,NA,NA,NA,NA,NA,NA,0.467975,0.4544,0.477725,NA,NA,0.456225,0.434675,0.508925,NA,NA,0.53475,0.520375,0.554625,NA,NA,NA,NA,NA,NA,NA,NA,NA,NA,NA,NA,0.47345,0.44485,0.463025,NA,NA,0.44745,0.42285,0.477175,NA,NA,0.49765,0.48345,0.501225,NA,NA,NA,NA,NA,NA,NA,NA,NA,NA,NA,NA,0.433575,0.3932,0.3735,NA,NA,0.388925,0.35005,0.33785,NA,NA,0.37585,0.3388,0.3104,NA,NA,NA,NA,NA,NA,NA,NA,NA,NA,NA,NA,0.3198,0.235325,0.174,NA,NA,0.228875,0.152725,0.082975,NA,NA,0.15765,0.080425,0.0017,NA,NA,NA,NA,NA,NA,NA,NA,NA,NA,NA,NA,0.136475,2.50E-05,0,NA,NA,0,0,0,NA,NA,0,0,0,NA,NA,NA,NA,NA,NA,NA,NA,NA,NA,NA,NA
109,NC5bis,13,0.0125,0.449775,0.437725,0.454575,NA,NA,0.428675,0.417,0.4855,NA,NA,0.491425,0.486975,0.5454,NA,NA,NA,NA,NA,NA,NA,NA,NA,NA,NA,NA,0.45205,0.43525,0.448825,NA,NA,0.4239,0.413275,0.471675,NA,NA,0.47955,0.48055,0.51715,NA,NA,NA,NA,NA,NA,NA,NA,NA,NA,NA,NA,0.45705,0.435625,0.43775,NA,NA,0.416625,0.39875,0.441425,NA,NA,0.4605,0.451375,0.4734,NA,NA,NA,NA,NA,NA,NA,NA,NA,NA,NA,NA,0.442325,0.39175,0.3738,NA,NA,0.380825,0.348625,0.34,NA,NA,0.3604,0.340075,0.30885,NA,NA,NA,NA,NA,NA,NA,NA,NA,NA,NA,NA,0.352025,0.259425,0.1801,NA,NA,0.24335,0.1708,0.0889,NA,NA,0.1641,0.0894,0.00345,NA,NA,NA,NA,NA,NA,NA,NA,NA,NA,NA,NA,0.159125,7.50E-05,0,NA,NA,0,0,0,NA,NA,0,0,0,NA,NA,NA,NA,NA,NA,NA,NA,NA,NA,NA,NA
110,NC5bis,14,0.015,0.43435,0.42445,0.4384,NA,NA,0.40565,0.39635,0.461025,NA,NA,0.462125,0.45395,0.50005,NA,NA,NA,NA,NA,NA,NA,NA,NA,NA,NA,NA,0.4355,0.41895,0.4365,NA,NA,0.4027,0.38435,0.44945,NA,NA,0.449725,0.444575,0.477575,NA,NA,NA,NA,NA,NA,NA,NA,NA,NA,NA,NA,0.443675,0.417525,0.4279,NA,NA,0.397525,0.371525,0.422825,NA,NA,0.426475,0.423175,0.440075,NA,NA,NA,NA,NA,NA,NA,NA,NA,NA,NA,NA,0.435175,0.397325,0.3798,NA,NA,0.37345,0.3443,0.332225,NA,NA,0.350025,0.335475,0.2998,NA,NA,NA,NA,NA,NA,NA,NA,NA,NA,NA,NA,0.3652,0.284575,0.201425,NA,NA,0.25655,0.18135,0.09805,NA,NA,0.1657,0.095925,0.003525,NA,NA,NA,NA,NA,NA,NA,NA,NA,NA,NA,NA,0.178375,0.00305,0,NA,NA,0,0,0,NA,NA,0,0,0,NA,NA,NA,NA,NA,NA,NA,NA,NA,NA,NA,NA
111,NC5bis,15,0.0175,0.411725,0.407425,0.40755,NA,NA,0.378125,0.361,0.41115,NA,NA,0.425125,0.401725,0.432725,NA,NA,NA,NA,NA,NA,NA,NA,NA,NA,NA,NA,0.420525,0.4038,0.40575,NA,NA,0.3771,0.3459,0.4031,NA,NA,0.418725,0.386275,0.42035,NA,NA,NA,NA,NA,NA,NA,NA,NA,NA,NA,NA,0.430525,0.3939,0.39775,NA,NA,0.366825,0.3399,0.3823,NA,NA,0.399575,0.3693,0.388875,NA,NA,NA,NA,NA,NA,NA,NA,NA,NA,NA,NA,0.43565,0.3849,0.359525,NA,NA,0.35725,0.314075,0.31455,NA,NA,0.3482,0.29945,0.281025,NA,NA,NA,NA,NA,NA,NA,NA,NA,NA,NA,NA,0.3762,0.288425,0.203175,NA,NA,0.261775,0.178975,0.09635,NA,NA,0.1765,0.09245,0.0036,NA,NA,NA,NA,NA,NA,NA,NA,NA,NA,NA,NA,0.1941,0.001775,0,NA,NA,0,0,0,NA,NA,0,0,0,NA,NA,NA,NA,NA,NA,NA,NA,NA,NA,NA,NA
112,NC5bis,16,0.02,0.404075,0.385,0.3642,NA,NA,0.357875,0.331525,0.367725,NA,NA,0.4097,0.3735,0.3815,NA,NA,NA,NA,NA,NA,NA,NA,NA,NA,NA,NA,0.41325,0.3825,0.35955,NA,NA,0.359275,0.324125,0.354725,NA,NA,0.3946,0.354075,0.35785,NA,NA,NA,NA,NA,NA,NA,NA,NA,NA,NA,NA,0.420675,0.377525,0.3486,NA,NA,0.365275,0.311325,0.334725,NA,NA,0.385175,0.338125,0.3347,NA,NA,NA,NA,NA,NA,NA,NA,NA,NA,NA,NA,0.432575,0.35285,0.324075,NA,NA,0.358,0.293875,0.273525,NA,NA,0.33405,0.276225,0.247275,NA,NA,NA,NA,NA,NA,NA,NA,NA,NA,NA,NA,0.3911,0.26975,0.1942,NA,NA,0.276525,0.176325,0.089025,NA,NA,0.1899,0.09145,0.002575,NA,NA,NA,NA,NA,NA,NA,NA,NA,NA,NA,NA,0.214875,1.00E-04,0,NA,NA,0,0,0,NA,NA,0,0,0,NA,NA,NA,NA,NA,NA,NA,NA,NA,NA,NA,NA
113,NC5bis,17,0.025,0.367425,0.3455,0.3129,NA,NA,0.309225,0.277375,0.302225,NA,NA,0.3148,0.291975,0.29265,NA,NA,NA,NA,NA,NA,NA,NA,NA,NA,NA,NA,0.383625,0.343075,0.3068,NA,NA,0.31095,0.2691,0.2911,NA,NA,0.3053,0.279875,0.283975,NA,NA,NA,NA,NA,NA,NA,NA,NA,NA,NA,NA,0.3931,0.336525,0.302025,NA,NA,0.300525,0.264075,0.272625,NA,NA,0.2873,0.268225,0.26205,NA,NA,NA,NA,NA,NA,NA,NA,NA,NA,NA,NA,0.4129,0.3223,0.2799,NA,NA,0.295575,0.248475,0.224875,NA,NA,0.2499,0.229975,0.20435,NA,NA,NA,NA,NA,NA,NA,NA,NA,NA,NA,NA,0.38735,0.262875,0.183625,NA,NA,0.24755,0.1711,0.085825,NA,NA,0.1506,0.08675,0.0046,NA,NA,NA,NA,NA,NA,NA,NA,NA,NA,NA,NA,0.2331,0.00035,0,NA,NA,0,0,0,NA,NA,0,0,0,NA,NA,NA,NA,NA,NA,NA,NA,NA,NA,NA,NA
114,NC5bis,18,0.03,0.34565,0.31195,0.26665,NA,NA,0.26995,0.234425,0.239375,NA,NA,0.2389,0.228325,0.21915,NA,NA,NA,NA,NA,NA,NA,NA,NA,NA,NA,NA,0.36345,0.31615,0.265025,NA,NA,0.264275,0.2193,0.2287,NA,NA,0.233975,0.220275,0.21705,NA,NA,NA,NA,NA,NA,NA,NA,NA,NA,NA,NA,0.375175,0.301625,0.25285,NA,NA,0.258075,0.213825,0.211,NA,NA,0.22305,0.201025,0.1959,NA,NA,NA,NA,NA,NA,NA,NA,NA,NA,NA,NA,0.390775,0.28965,0.228,NA,NA,0.252025,0.204675,0.1779,NA,NA,0.1951,0.17235,0.148025,NA,NA,NA,NA,NA,NA,NA,NA,NA,NA,NA,NA,0.3865,0.250175,0.1593,NA,NA,0.221375,0.1477,0.077475,NA,NA,0.128825,0.069775,0.001575,NA,NA,NA,NA,NA,NA,NA,NA,NA,NA,NA,NA,0.2502,1.00E-04,0,NA,NA,0,0,0,NA,NA,0,0,0,NA,NA,NA,NA,NA,NA,NA,NA,NA,NA,NA,NA
115,NC5bis,19,0.035,0.322325,0.2856,0.232625,NA,NA,0.2441,0.2011,0.195,NA,NA,0.222175,0.19595,0.17545,NA,NA,NA,NA,NA,NA,NA,NA,NA,NA,NA,NA,0.335525,0.287,0.22465,NA,NA,0.23945,0.194325,0.1871,NA,NA,0.2148,0.180025,0.1659,NA,NA,NA,NA,NA,NA,NA,NA,NA,NA,NA,NA,0.356175,0.280775,0.2153,NA,NA,0.23195,0.181875,0.16935,NA,NA,0.20635,0.166175,0.1453,NA,NA,NA,NA,NA,NA,NA,NA,NA,NA,NA,NA,0.3755,0.262225,0.196,NA,NA,0.229,0.172375,0.14575,NA,NA,0.193975,0.141525,0.113875,NA,NA,NA,NA,NA,NA,NA,NA,NA,NA,NA,NA,0.3749,0.2296,0.1447,NA,NA,0.207225,0.13555,0.06815,NA,NA,0.1349,0.067225,0.001975,NA,NA,NA,NA,NA,NA,NA,NA,NA,NA,NA,NA,0.258925,0.0012,0,NA,NA,0,0,0,NA,NA,0,0,0,NA,NA,NA,NA,NA,NA,NA,NA,NA,NA,NA,NA
116,NC5bis,20,0.04,0.2947,0.258875,0.187175,NA,NA,0.206275,0.160675,0.14785,NA,NA,0.1704,0.14055,0.124175,NA,NA,NA,NA,NA,NA,NA,NA,NA,NA,NA,NA,0.312575,0.252325,0.18405,NA,NA,0.203425,0.1514,0.137875,NA,NA,0.1657,0.131525,0.117675,NA,NA,NA,NA,NA,NA,NA,NA,NA,NA,NA,NA,0.328,0.239825,0.173025,NA,NA,0.19905,0.141325,0.123375,NA,NA,0.158875,0.12145,0.0999,NA,NA,NA,NA,NA,NA,NA,NA,NA,NA,NA,NA,0.346925,0.216775,0.160525,NA,NA,0.1981,0.1372,0.100625,NA,NA,0.14185,0.104225,0.0793,NA,NA,NA,NA,NA,NA,NA,NA,NA,NA,NA,NA,0.357475,0.1933,0.1299,NA,NA,0.18055,0.105875,0.050075,NA,NA,0.10305,0.050375,0.001275,NA,NA,NA,NA,NA,NA,NA,NA,NA,NA,NA,NA,0.26065,0.000375,0,NA,NA,0,0,0,NA,NA,0,0,0,NA,NA,NA,NA,NA,NA,NA,NA,NA,NA,NA,NA
117,NC5bis,21,0.045,0.275875,0.23975,0.1686,NA,NA,0.1833,0.142825,0.1251,NA,NA,0.1348,0.113775,0.097975,NA,NA,NA,NA,NA,NA,NA,NA,NA,NA,NA,NA,0.294475,0.233575,0.16465,NA,NA,0.1783,0.130175,0.116175,NA,NA,0.129325,0.107825,0.0908,NA,NA,NA,NA,NA,NA,NA,NA,NA,NA,NA,NA,0.313275,0.219,0.15275,NA,NA,0.177725,0.12595,0.102725,NA,NA,0.120625,0.1004,0.0803,NA,NA,NA,NA,NA,NA,NA,NA,NA,NA,NA,NA,0.331675,0.199975,0.142025,NA,NA,0.168075,0.1145,0.084475,NA,NA,0.1075,0.085425,0.060475,NA,NA,NA,NA,NA,NA,NA,NA,NA,NA,NA,NA,0.347375,0.177275,0.11165,NA,NA,0.15215,0.098225,0.0458,NA,NA,0.075325,0.044875,0.000975,NA,NA,NA,NA,NA,NA,NA,NA,NA,NA,NA,NA,0.268,0.001025,0,NA,NA,0,0,0,NA,NA,0,0,0,NA,NA,NA,NA,NA,NA,NA,NA,NA,NA,NA,NA
118,NC5bis,22,0.05,0.258875,0.21165,0.1394,NA,NA,0.1652,0.11555,0.09775,NA,NA,0.122375,0.086375,0.06515,NA,NA,NA,NA,NA,NA,NA,NA,NA,NA,NA,NA,0.273025,0.206525,0.132225,NA,NA,0.163,0.10895,0.08615,NA,NA,0.11885,0.0789,0.0617,NA,NA,NA,NA,NA,NA,NA,NA,NA,NA,NA,NA,0.295475,0.191775,0.11715,NA,NA,0.158875,0.0998,0.07385,NA,NA,0.11495,0.071575,0.055375,NA,NA,NA,NA,NA,NA,NA,NA,NA,NA,NA,NA,0.321975,0.167375,0.106775,NA,NA,0.15425,0.091575,0.060425,NA,NA,0.09935,0.061125,0.042975,NA,NA,NA,NA,NA,NA,NA,NA,NA,NA,NA,NA,0.3296,0.1496,0.08325,NA,NA,0.14265,0.0757,0.0343,NA,NA,0.0801,0.031875,0.0013,NA,NA,NA,NA,NA,NA,NA,NA,NA,NA,NA,NA,0.26475,7.00E-04,0,NA,NA,0,0,0,NA,NA,0,0,0,NA,NA,NA,NA,NA,NA,NA,NA,NA,NA,NA,NA
119,NC5bis,23,0.055,0.235575,0.19525,0.119875,NA,NA,0.1386,0.094475,0.07305,NA,NA,0.0914,0.0679,0.053625,NA,NA,NA,NA,NA,NA,NA,NA,NA,NA,NA,NA,0.2573,0.191375,0.113125,NA,NA,0.13345,0.08505,0.068325,NA,NA,0.089175,0.062,0.04615,NA,NA,NA,NA,NA,NA,NA,NA,NA,NA,NA,NA,0.27885,0.17925,0.10775,NA,NA,0.13485,0.08005,0.058275,NA,NA,0.08495,0.055025,0.0412,NA,NA,NA,NA,NA,NA,NA,NA,NA,NA,NA,NA,0.30645,0.153175,0.09555,NA,NA,0.12515,0.068275,0.046875,NA,NA,0.0771,0.04445,0.02705,NA,NA,NA,NA,NA,NA,NA,NA,NA,NA,NA,NA,0.314825,0.134175,0.077725,NA,NA,0.118875,0.05935,0.025825,NA,NA,0.060975,0.0267,0.00085,NA,NA,NA,NA,NA,NA,NA,NA,NA,NA,NA,NA,0.2623,0.000775,0,NA,NA,0,0,0,NA,NA,0,0,0,NA,NA,NA,NA,NA,NA,NA,NA,NA,NA,NA,NA
120,NC5bis,24,0.06,0.221325,0.179925,0.1015,NA,NA,0.12765,0.086825,0.0617,NA,NA,0.071175,0.053175,0.0411,NA,NA,NA,NA,NA,NA,NA,NA,NA,NA,NA,NA,0.2456,0.174775,0.09615,NA,NA,0.119175,0.075975,0.055,NA,NA,0.06675,0.047525,0.03615,NA,NA,NA,NA,NA,NA,NA,NA,NA,NA,NA,NA,0.269125,0.163875,0.088025,NA,NA,0.113575,0.066825,0.0438,NA,NA,0.059975,0.03995,0.030025,NA,NA,NA,NA,NA,NA,NA,NA,NA,NA,NA,NA,0.2942,0.143775,0.0752,NA,NA,0.10635,0.060475,0.036425,NA,NA,0.054725,0.03295,0.0237,NA,NA,NA,NA,NA,NA,NA,NA,NA,NA,NA,NA,0.306675,0.124325,0.0597,NA,NA,0.1009,0.054125,0.02015,NA,NA,0.04305,0.021125,0.0013,NA,NA,NA,NA,NA,NA,NA,NA,NA,NA,NA,NA,0.2492,0.00125,0,NA,NA,0,0,0,NA,NA,0,0,0,NA,NA,NA,NA,NA,NA,NA,NA,NA,NA,NA,NA